21May3678_E02-L1_S100_L002_R1_001.fastq.gz,21May3678_E02-L1_S100_L002_R2_001.fastq.gz,54649casliz,54649casliz.L2,54649casliz-2,ILLUMINA,6000
21May3678_E02-L1_S100_L003_R1_001.fastq.gz,21May3678_E02-L1_S100_L003_R2_001.fastq.gz,54649casliz,54649casliz.L3,54649casliz-2,ILLUMINA,6000
21May3678_E02-L1_S100_L004_R1_001.fastq.gz,21May3678_E02-L1_S100_L004_R2_001.fastq.gz,54649casliz,54649casliz.L4,54649casliz-2,ILLUMINA,6000
21May3678_E03-L1_S101_L002_R1_001.fastq.gz,21May3678_E03-L1_S101_L002_R2_001.fastq.gz,62575ranarc,62575ranarc.L2,62575ranarc-2,ILLUMINA,6000
21May3678_E03-L1_S101_L003_R1_001.fastq.gz,21May3678_E03-L1_S101_L003_R2_001.fastq.gz,62575ranarc,62575ranarc.L3,62575ranarc-2,ILLUMINA,6000
21May3678_E03-L1_S101_L004_R1_001.fastq.gz,21May3678_E03-L1_S101_L004_R2_001.fastq.gz,62575ranarc,62575ranarc.L4,62575ranarc-2,ILLUMINA,6000
21May3678_E04-L1_S102_L002_R1_001.fastq.gz,21May3678_E04-L1_S102_L002_R2_001.fastq.gz,52990atltam,52990atltam.L2,52990atltam-2,ILLUMINA,6000
21May3678_E04-L1_S102_L003_R1_001.fastq.gz,21May3678_E04-L1_S102_L003_R2_001.fastq.gz,52990atltam,52990atltam.L3,52990atltam-2,ILLUMINA,6000
21May3678_E04-L1_S102_L004_R1_001.fastq.gz,21May3678_E04-L1_S102_L004_R2_001.fastq.gz,52990atltam,52990atltam.L4,52990atltam-2,ILLUMINA,6000
21May3678_E05-L1_S103_L002_R1_001.fastq.gz,21May3678_E05-L1_S103_L002_R2_001.fastq.gz,62576ecoarc,62576ecoarc.L2,62576ecoarc-2,ILLUMINA,6000
21May3678_E05-L1_S103_L003_R1_001.fastq.gz,21May3678_E05-L1_S103_L003_R2_001.fastq.gz,62576ecoarc,62576ecoarc.L3,62576ecoarc-2,ILLUMINA,6000
21May3678_E05-L1_S103_L004_R1_001.fastq.gz,21May3678_E05-L1_S103_L004_R2_001.fastq.gz,62576ecoarc,62576ecoarc.L4,62576ecoarc-2,ILLUMINA,6000
21May3678_E06-L1_S104_L002_R1_001.fastq.gz,21May3678_E06-L1_S104_L002_R2_001.fastq.gz,PL17_111indbel,PL17_111indbel.L2,PL17_111indbel-2,ILLUMINA,6000
21May3678_E06-L1_S104_L003_R1_001.fastq.gz,21May3678_E06-L1_S104_L003_R2_001.fastq.gz,PL17_111indbel,PL17_111indbel.L3,PL17_111indbel-2,ILLUMINA,6000
21May3678_E06-L1_S104_L004_R1_001.fastq.gz,21May3678_E06-L1_S104_L004_R2_001.fastq.gz,PL17_111indbel,PL17_111indbel.L4,PL17_111indbel-2,ILLUMINA,6000
21May3678_E07-L1_S105_L002_R1_001.fastq.gz,21May3678_E07-L1_S105_L002_R2_001.fastq.gz,20650prohon,20650prohon.L2,20650prohon-2,ILLUMINA,6000
21May3678_E07-L1_S105_L003_R1_001.fastq.gz,21May3678_E07-L1_S105_L003_R2_001.fastq.gz,20650prohon,20650prohon.L3,20650prohon-2,ILLUMINA,6000
21May3678_E07-L1_S105_L004_R1_001.fastq.gz,21May3678_E07-L1_S105_L004_R2_001.fastq.gz,20650prohon,20650prohon.L4,20650prohon-2,ILLUMINA,6000
21May3678_E08-L1_S106_L002_R1_001.fastq.gz,21May3678_E08-L1_S106_L002_R2_001.fastq.gz,19425chlbar,19425chlbar.L2,19425chlbar-2,ILLUMINA,6000
21May3678_E08-L1_S106_L003_R1_001.fastq.gz,21May3678_E08-L1_S106_L003_R2_001.fastq.gz,19425chlbar,19425chlbar.L3,19425chlbar-2,ILLUMINA,6000
21May3678_E08-L1_S106_L004_R1_001.fastq.gz,21May3678_E08-L1_S106_L004_R2_001.fastq.gz,19425chlbar,19425chlbar.L4,19425chlbar-2,ILLUMINA,6000
21May3678_E09-L1_S107_L002_R1_001.fastq.gz,21May3678_E09-L1_S107_L002_R2_001.fastq.gz,19108puegun,19108puegun.L2,19108puegun-2,ILLUMINA,6000
21May3678_E09-L1_S107_L003_R1_001.fastq.gz,21May3678_E09-L1_S107_L003_R2_001.fastq.gz,19108puegun,19108puegun.L3,19108puegun-2,ILLUMINA,6000
21May3678_E09-L1_S107_L004_R1_001.fastq.gz,21May3678_E09-L1_S107_L004_R2_001.fastq.gz,19108puegun,19108puegun.L4,19108puegun-2,ILLUMINA,6000
21May3678_E10-L1_S108_L002_R1_001.fastq.gz,21May3678_E10-L1_S108_L002_R2_001.fastq.gz,19076gutbar,19076gutbar.L2,19076gutbar-2,ILLUMINA,6000
21May3678_E10-L1_S108_L003_R1_001.fastq.gz,21May3678_E10-L1_S108_L003_R2_001.fastq.gz,19076gutbar,19076gutbar.L3,19076gutbar-2,ILLUMINA,6000
21May3678_E10-L1_S108_L004_R1_001.fastq.gz,21May3678_E10-L1_S108_L004_R2_001.fastq.gz,19076gutbar,19076gutbar.L4,19076gutbar-2,ILLUMINA,6000
21May3678_E11-L1_S109_L002_R1_001.fastq.gz,21May3678_E11-L1_S109_L002_R2_001.fastq.gz,19426puebar,19426puebar.L2,19426puebar-2,ILLUMINA,6000
21May3678_E11-L1_S109_L003_R1_001.fastq.gz,21May3678_E11-L1_S109_L003_R2_001.fastq.gz,19426puebar,19426puebar.L3,19426puebar-2,ILLUMINA,6000
21May3678_E11-L1_S109_L004_R1_001.fastq.gz,21May3678_E11-L1_S109_L004_R2_001.fastq.gz,19426puebar,19426puebar.L4,19426puebar-2,ILLUMINA,6000
21May3678_E12-L1_S110_L002_R1_001.fastq.gz,21May3678_E12-L1_S110_L002_R2_001.fastq.gz,20480tabhon,20480tabhon.L2,20480tabhon-2,ILLUMINA,6000
21May3678_E12-L1_S110_L003_R1_001.fastq.gz,21May3678_E12-L1_S110_L003_R2_001.fastq.gz,20480tabhon,20480tabhon.L3,20480tabhon-2,ILLUMINA,6000
21May3678_E12-L1_S110_L004_R1_001.fastq.gz,21May3678_E12-L1_S110_L004_R2_001.fastq.gz,20480tabhon,20480tabhon.L4,20480tabhon-2,ILLUMINA,6000
21May3678_F01-L1_S111_L002_R1_001.fastq.gz,21May3678_F01-L1_S111_L002_R2_001.fastq.gz,54650casliz,54650casliz.L2,54650casliz-2,ILLUMINA,6000
21May3678_F01-L1_S111_L003_R1_001.fastq.gz,21May3678_F01-L1_S111_L003_R2_001.fastq.gz,54650casliz,54650casliz.L3,54650casliz-2,ILLUMINA,6000
21May3678_F01-L1_S111_L004_R1_001.fastq.gz,21May3678_F01-L1_S111_L004_R2_001.fastq.gz,54650casliz,54650casliz.L4,54650casliz-2,ILLUMINA,6000
21May3678_F02-L1_S112_L002_R1_001.fastq.gz,21May3678_F02-L1_S112_L002_R2_001.fastq.gz,27707uniqui,27707uniqui.L2,27707uniqui-2,ILLUMINA,6000
21May3678_F02-L1_S112_L003_R1_001.fastq.gz,21May3678_F02-L1_S112_L003_R2_001.fastq.gz,27707uniqui,27707uniqui.L3,27707uniqui-2,ILLUMINA,6000
21May3678_F02-L1_S112_L004_R1_001.fastq.gz,21May3678_F02-L1_S112_L004_R2_001.fastq.gz,27707uniqui,27707uniqui.L4,27707uniqui-2,ILLUMINA,6000
21May3678_F03-L1_S113_L002_R1_001.fastq.gz,21May3678_F03-L1_S113_L002_R2_001.fastq.gz,62570gemarc,62570gemarc.L2,62570gemarc-2,ILLUMINA,6000
21May3678_F03-L1_S113_L003_R1_001.fastq.gz,21May3678_F03-L1_S113_L003_R2_001.fastq.gz,62570gemarc,62570gemarc.L3,62570gemarc-2,ILLUMINA,6000
21May3678_F03-L1_S113_L004_R1_001.fastq.gz,21May3678_F03-L1_S113_L004_R2_001.fastq.gz,62570gemarc,62570gemarc.L4,62570gemarc-2,ILLUMINA,6000
21May3678_F04-L1_S114_L002_R1_001.fastq.gz,21May3678_F04-L1_S114_L002_R2_001.fastq.gz,62264pueala,62264pueala.L2,62264pueala-2,ILLUMINA,6000
21May3678_F04-L1_S114_L003_R1_001.fastq.gz,21May3678_F04-L1_S114_L003_R2_001.fastq.gz,62264pueala,62264pueala.L3,62264pueala-2,ILLUMINA,6000
21May3678_F04-L1_S114_L004_R1_001.fastq.gz,21May3678_F04-L1_S114_L004_R2_001.fastq.gz,62264pueala,62264pueala.L4,62264pueala-2,ILLUMINA,6000
21May3678_F05-L1_S115_L002_R1_001.fastq.gz,21May3678_F05-L1_S115_L002_R2_001.fastq.gz,62549ecoarc,62549ecoarc.L2,62549ecoarc-2,ILLUMINA,6000
21May3678_F05-L1_S115_L003_R1_001.fastq.gz,21May3678_F05-L1_S115_L003_R2_001.fastq.gz,62549ecoarc,62549ecoarc.L3,62549ecoarc-2,ILLUMINA,6000
21May3678_F05-L1_S115_L004_R1_001.fastq.gz,21May3678_F05-L1_S115_L004_R2_001.fastq.gz,62549ecoarc,62549ecoarc.L4,62549ecoarc-2,ILLUMINA,6000
21May3678_F06-L1_S116_L002_R1_001.fastq.gz,21May3678_F06-L1_S116_L002_R2_001.fastq.gz,PL17_98indbel,PL17_98indbel.L2,PL17_98indbel-2,ILLUMINA,6000
21May3678_F06-L1_S116_L003_R1_001.fastq.gz,21May3678_F06-L1_S116_L003_R2_001.fastq.gz,PL17_98indbel,PL17_98indbel.L3,PL17_98indbel-2,ILLUMINA,6000
21May3678_F06-L1_S116_L004_R1_001.fastq.gz,21May3678_F06-L1_S116_L004_R2_001.fastq.gz,PL17_98indbel,PL17_98indbel.L4,PL17_98indbel-2,ILLUMINA,6000
21May3678_F07-L1_S117_L002_R1_001.fastq.gz,21May3678_F07-L1_S117_L002_R2_001.fastq.gz,20435chlhon,20435chlhon.L2,20435chlhon-2,ILLUMINA,6000
21May3678_F07-L1_S117_L003_R1_001.fastq.gz,21May3678_F07-L1_S117_L003_R2_001.fastq.gz,20435chlhon,20435chlhon.L3,20435chlhon-2,ILLUMINA,6000
21May3678_F07-L1_S117_L004_R1_001.fastq.gz,21May3678_F07-L1_S117_L004_R2_001.fastq.gz,20435chlhon,20435chlhon.L4,20435chlhon-2,ILLUMINA,6000
21May3678_F08-L1_S118_L002_R1_001.fastq.gz,21May3678_F08-L1_S118_L002_R2_001.fastq.gz,19416chlbar,19416chlbar.L2,19416chlbar-2,ILLUMINA,6000
21May3678_F08-L1_S118_L003_R1_001.fastq.gz,21May3678_F08-L1_S118_L003_R2_001.fastq.gz,19416chlbar,19416chlbar.L3,19416chlbar-2,ILLUMINA,6000
21May3678_F08-L1_S118_L004_R1_001.fastq.gz,21May3678_F08-L1_S118_L004_R2_001.fastq.gz,19416chlbar,19416chlbar.L4,19416chlbar-2,ILLUMINA,6000
21May3678_F09-L1_S119_L002_R1_001.fastq.gz,21May3678_F09-L1_S119_L002_R2_001.fastq.gz,19106puegun,19106puegun.L2,19106puegun-2,ILLUMINA,6000
21May3678_F09-L1_S119_L003_R1_001.fastq.gz,21May3678_F09-L1_S119_L003_R2_001.fastq.gz,19106puegun,19106puegun.L3,19106puegun-2,ILLUMINA,6000
21May3678_F09-L1_S119_L004_R1_001.fastq.gz,21May3678_F09-L1_S119_L004_R2_001.fastq.gz,19106puegun,19106puegun.L4,19106puegun-2,ILLUMINA,6000
21May3678_F10-L1_S120_L002_R1_001.fastq.gz,21May3678_F10-L1_S120_L002_R2_001.fastq.gz,18493abebel,18493abebel.L2,18493abebel-2,ILLUMINA,6000
21May3678_F10-L1_S120_L003_R1_001.fastq.gz,21May3678_F10-L1_S120_L003_R2_001.fastq.gz,18493abebel,18493abebel.L3,18493abebel-2,ILLUMINA,6000
21May3678_F10-L1_S120_L004_R1_001.fastq.gz,21May3678_F10-L1_S120_L004_R2_001.fastq.gz,18493abebel,18493abebel.L4,18493abebel-2,ILLUMINA,6000
21May3678_F11-L1_S121_L002_R1_001.fastq.gz,21May3678_F11-L1_S121_L002_R2_001.fastq.gz,Bocas16.3torboc,Bocas16.3torboc.L2,Bocas16.3torboc-2,ILLUMINA,6000
21May3678_F11-L1_S121_L003_R1_001.fastq.gz,21May3678_F11-L1_S121_L003_R2_001.fastq.gz,Bocas16.3torboc,Bocas16.3torboc.L3,Bocas16.3torboc-2,ILLUMINA,6000
21May3678_F11-L1_S121_L004_R1_001.fastq.gz,21May3678_F11-L1_S121_L004_R2_001.fastq.gz,Bocas16.3torboc,Bocas16.3torboc.L4,Bocas16.3torboc-2,ILLUMINA,6000
21May3678_F12-L1_S122_L002_R1_001.fastq.gz,21May3678_F12-L1_S122_L002_R2_001.fastq.gz,20481tighon,20481tighon.L2,20481tighon-2,ILLUMINA,6000
21May3678_F12-L1_S122_L003_R1_001.fastq.gz,21May3678_F12-L1_S122_L003_R2_001.fastq.gz,20481tighon,20481tighon.L3,20481tighon-2,ILLUMINA,6000
21May3678_F12-L1_S122_L004_R1_001.fastq.gz,21May3678_F12-L1_S122_L004_R2_001.fastq.gz,20481tighon,20481tighon.L4,20481tighon-2,ILLUMINA,6000
21May3678_G01-L1_S123_L002_R1_001.fastq.gz,21May3678_G01-L1_S123_L002_R2_001.fastq.gz,62515gemarc,62515gemarc.L2,62515gemarc-2,ILLUMINA,6000
21May3678_G01-L1_S123_L003_R1_001.fastq.gz,21May3678_G01-L1_S123_L003_R2_001.fastq.gz,62515gemarc,62515gemarc.L3,62515gemarc-2,ILLUMINA,6000
21May3678_G01-L1_S123_L004_R1_001.fastq.gz,21May3678_G01-L1_S123_L004_R2_001.fastq.gz,62515gemarc,62515gemarc.L4,62515gemarc-2,ILLUMINA,6000
21May3678_G02-L1_S124_L002_R1_001.fastq.gz,21May3678_G02-L1_S124_L002_R2_001.fastq.gz,54761nigliz,54761nigliz.L2,54761nigliz-2,ILLUMINA,6000
21May3678_G02-L1_S124_L003_R1_001.fastq.gz,21May3678_G02-L1_S124_L003_R2_001.fastq.gz,54761nigliz,54761nigliz.L3,54761nigliz-2,ILLUMINA,6000
21May3678_G02-L1_S124_L004_R1_001.fastq.gz,21May3678_G02-L1_S124_L004_R2_001.fastq.gz,54761nigliz,54761nigliz.L4,54761nigliz-2,ILLUMINA,6000
21May3678_G03-L1_S125_L002_R1_001.fastq.gz,21May3678_G03-L1_S125_L002_R2_001.fastq.gz,27698gutqui,27698gutqui.L2,27698gutqui-2,ILLUMINA,6000
21May3678_G03-L1_S125_L003_R1_001.fastq.gz,21May3678_G03-L1_S125_L003_R2_001.fastq.gz,27698gutqui,27698gutqui.L3,27698gutqui-2,ILLUMINA,6000
21May3678_G03-L1_S125_L004_R1_001.fastq.gz,21May3678_G03-L1_S125_L004_R2_001.fastq.gz,27698gutqui,27698gutqui.L4,27698gutqui-2,ILLUMINA,6000
21May3678_G04-L1_S126_L002_R1_001.fastq.gz,21May3678_G04-L1_S126_L002_R2_001.fastq.gz,29213indqui,29213indqui.L2,29213indqui-2,ILLUMINA,6000
21May3678_G04-L1_S126_L003_R1_001.fastq.gz,21May3678_G04-L1_S126_L003_R2_001.fastq.gz,29213indqui,29213indqui.L3,29213indqui-2,ILLUMINA,6000
21May3678_G04-L1_S126_L004_R1_001.fastq.gz,21May3678_G04-L1_S126_L004_R2_001.fastq.gz,29213indqui,29213indqui.L4,29213indqui-2,ILLUMINA,6000
21May3678_G05-L1_S127_L002_R1_001.fastq.gz,21May3678_G05-L1_S127_L002_R2_001.fastq.gz,62263pueala,62263pueala.L2,62263pueala-2,ILLUMINA,6000
21May3678_G05-L1_S127_L003_R1_001.fastq.gz,21May3678_G05-L1_S127_L003_R2_001.fastq.gz,62263pueala,62263pueala.L3,62263pueala-2,ILLUMINA,6000
21May3678_G05-L1_S127_L004_R1_001.fastq.gz,21May3678_G05-L1_S127_L004_R2_001.fastq.gz,62263pueala,62263pueala.L4,62263pueala-2,ILLUMINA,6000
21May3678_G06-L1_S128_L002_R1_001.fastq.gz,21May3678_G06-L1_S128_L002_R2_001.fastq.gz,FL0324tanpri,FL0324tanpri.L2,FL0324tanpri-2,ILLUMINA,6000
21May3678_G06-L1_S128_L003_R1_001.fastq.gz,21May3678_G06-L1_S128_L003_R2_001.fastq.gz,FL0324tanpri,FL0324tanpri.L3,FL0324tanpri-2,ILLUMINA,6000
21May3678_G06-L1_S128_L004_R1_001.fastq.gz,21May3678_G06-L1_S128_L004_R2_001.fastq.gz,FL0324tanpri,FL0324tanpri.L4,FL0324tanpri-2,ILLUMINA,6000
21May3678_G07-L1_S129_L002_R1_001.fastq.gz,21May3678_G07-L1_S129_L002_R2_001.fastq.gz,20069gutbel,20069gutbel.L2,20069gutbel-2,ILLUMINA,6000
21May3678_G07-L1_S129_L003_R1_001.fastq.gz,21May3678_G07-L1_S129_L003_R2_001.fastq.gz,20069gutbel,20069gutbel.L3,20069gutbel-2,ILLUMINA,6000
21May3678_G07-L1_S129_L004_R1_001.fastq.gz,21May3678_G07-L1_S129_L004_R2_001.fastq.gz,20069gutbel,20069gutbel.L4,20069gutbel-2,ILLUMINA,6000
21May3678_G08-L1_S130_L002_R1_001.fastq.gz,21May3678_G08-L1_S130_L002_R2_001.fastq.gz,19235gutgun,19235gutgun.L2,19235gutgun-2,ILLUMINA,6000
21May3678_G08-L1_S130_L003_R1_001.fastq.gz,21May3678_G08-L1_S130_L003_R2_001.fastq.gz,19235gutgun,19235gutgun.L3,19235gutgun-2,ILLUMINA,6000
21May3678_G08-L1_S130_L004_R1_001.fastq.gz,21May3678_G08-L1_S130_L004_R2_001.fastq.gz,19235gutgun,19235gutgun.L4,19235gutgun-2,ILLUMINA,6000
21May3678_G09-L1_S131_L002_R1_001.fastq.gz,21May3678_G09-L1_S131_L002_R2_001.fastq.gz,19105niggun,19105niggun.L2,19105niggun-2,ILLUMINA,6000
21May3678_G09-L1_S131_L003_R1_001.fastq.gz,21May3678_G09-L1_S131_L003_R2_001.fastq.gz,19105niggun,19105niggun.L3,19105niggun-2,ILLUMINA,6000
21May3678_G09-L1_S131_L004_R1_001.fastq.gz,21May3678_G09-L1_S131_L004_R2_001.fastq.gz,19105niggun,19105niggun.L4,19105niggun-2,ILLUMINA,6000
21May3678_G10-L1_S132_L002_R1_001.fastq.gz,21May3678_G10-L1_S132_L002_R2_001.fastq.gz,18492abebel,18492abebel.L2,18492abebel-2,ILLUMINA,6000
21May3678_G10-L1_S132_L003_R1_001.fastq.gz,21May3678_G10-L1_S132_L003_R2_001.fastq.gz,18492abebel,18492abebel.L3,18492abebel-2,ILLUMINA,6000
21May3678_G10-L1_S132_L004_R1_001.fastq.gz,21May3678_G10-L1_S132_L004_R2_001.fastq.gz,18492abebel,18492abebel.L4,18492abebel-2,ILLUMINA,6000
21May3678_G11-L1_S133_L002_R1_001.fastq.gz,21May3678_G11-L1_S133_L002_R2_001.fastq.gz,Bocas16.4torboc,Bocas16.4torboc.L2,Bocas16.4torboc-2,ILLUMINA,6000
21May3678_G11-L1_S133_L003_R1_001.fastq.gz,21May3678_G11-L1_S133_L003_R2_001.fastq.gz,Bocas16.4torboc,Bocas16.4torboc.L3,Bocas16.4torboc-2,ILLUMINA,6000
21May3678_G11-L1_S133_L004_R1_001.fastq.gz,21May3678_G11-L1_S133_L004_R2_001.fastq.gz,Bocas16.4torboc,Bocas16.4torboc.L4,Bocas16.4torboc-2,ILLUMINA,6000
21May3678_G12-L1_S134_L002_R1_001.fastq.gz,21May3678_G12-L1_S134_L002_R2_001.fastq.gz,20845prohon,20845prohon.L2,20845prohon-2,ILLUMINA,6000
21May3678_G12-L1_S134_L003_R1_001.fastq.gz,21May3678_G12-L1_S134_L003_R2_001.fastq.gz,20845prohon,20845prohon.L3,20845prohon-2,ILLUMINA,6000
21May3678_G12-L1_S134_L004_R1_001.fastq.gz,21May3678_G12-L1_S134_L004_R2_001.fastq.gz,20845prohon,20845prohon.L4,20845prohon-2,ILLUMINA,6000
21May3678_H02-L1_S136_L002_R1_001.fastq.gz,21May3678_H02-L1_S136_L002_R2_001.fastq.gz,52988atltam,52988atltam.L2,52988atltam-2,ILLUMINA,6000
21May3678_H02-L1_S136_L003_R1_001.fastq.gz,21May3678_H02-L1_S136_L003_R2_001.fastq.gz,52988atltam,52988atltam.L3,52988atltam-2,ILLUMINA,6000
21May3678_H02-L1_S136_L004_R1_001.fastq.gz,21May3678_H02-L1_S136_L004_R2_001.fastq.gz,52988atltam,52988atltam.L4,52988atltam-2,ILLUMINA,6000
21May3678_H03-L1_S137_L002_R1_001.fastq.gz,21May3678_H03-L1_S137_L002_R2_001.fastq.gz,54689atlliz,54689atlliz.L2,54689atlliz-2,ILLUMINA,6000
21May3678_H03-L1_S137_L003_R1_001.fastq.gz,21May3678_H03-L1_S137_L003_R2_001.fastq.gz,54689atlliz,54689atlliz.L3,54689atlliz-2,ILLUMINA,6000
21May3678_H03-L1_S137_L004_R1_001.fastq.gz,21May3678_H03-L1_S137_L004_R2_001.fastq.gz,54689atlliz,54689atlliz.L4,54689atlliz-2,ILLUMINA,6000
21May3678_H04-L1_S138_L002_R1_001.fastq.gz,21May3678_H04-L1_S138_L002_R2_001.fastq.gz,62550abearc,62550abearc.L2,62550abearc-2,ILLUMINA,6000
21May3678_H04-L1_S138_L003_R1_001.fastq.gz,21May3678_H04-L1_S138_L003_R2_001.fastq.gz,62550abearc,62550abearc.L3,62550abearc-2,ILLUMINA,6000
21May3678_H04-L1_S138_L004_R1_001.fastq.gz,21May3678_H04-L1_S138_L004_R2_001.fastq.gz,62550abearc,62550abearc.L4,62550abearc-2,ILLUMINA,6000
21May3678_H05-L1_S139_L002_R1_001.fastq.gz,21May3678_H05-L1_S139_L002_R2_001.fastq.gz,62558floarc,62558floarc.L2,62558floarc-2,ILLUMINA,6000
21May3678_H05-L1_S139_L003_R1_001.fastq.gz,21May3678_H05-L1_S139_L003_R2_001.fastq.gz,62558floarc,62558floarc.L3,62558floarc-2,ILLUMINA,6000
21May3678_H05-L1_S139_L004_R1_001.fastq.gz,21May3678_H05-L1_S139_L004_R2_001.fastq.gz,62558floarc,62558floarc.L4,62558floarc-2,ILLUMINA,6000
21May3678_H06-L1_S140_L002_R1_001.fastq.gz,21May3678_H06-L1_S140_L002_R2_001.fastq.gz,PL17_79abepri,PL17_79abepri.L2,PL17_79abepri-2,ILLUMINA,6000
21May3678_H06-L1_S140_L003_R1_001.fastq.gz,21May3678_H06-L1_S140_L003_R2_001.fastq.gz,PL17_79abepri,PL17_79abepri.L3,PL17_79abepri-2,ILLUMINA,6000
21May3678_H06-L1_S140_L004_R1_001.fastq.gz,21May3678_H06-L1_S140_L004_R2_001.fastq.gz,PL17_79abepri,PL17_79abepri.L4,PL17_79abepri-2,ILLUMINA,6000
21May3678_H07-L1_S141_L002_R1_001.fastq.gz,21May3678_H07-L1_S141_L002_R2_001.fastq.gz,19708abegun,19708abegun.L2,19708abegun-2,ILLUMINA,6000
21May3678_H07-L1_S141_L003_R1_001.fastq.gz,21May3678_H07-L1_S141_L003_R2_001.fastq.gz,19708abegun,19708abegun.L3,19708abegun-2,ILLUMINA,6000
21May3678_H07-L1_S141_L004_R1_001.fastq.gz,21May3678_H07-L1_S141_L004_R2_001.fastq.gz,19708abegun,19708abegun.L4,19708abegun-2,ILLUMINA,6000
21May3678_H08-L1_S142_L002_R1_001.fastq.gz,21May3678_H08-L1_S142_L002_R2_001.fastq.gz,19174affgun,19174affgun.L2,19174affgun-2,ILLUMINA,6000
21May3678_H08-L1_S142_L003_R1_001.fastq.gz,21May3678_H08-L1_S142_L003_R2_001.fastq.gz,19174affgun,19174affgun.L3,19174affgun-2,ILLUMINA,6000
21May3678_H08-L1_S142_L004_R1_001.fastq.gz,21May3678_H08-L1_S142_L004_R2_001.fastq.gz,19174affgun,19174affgun.L4,19174affgun-2,ILLUMINA,6000
21May3678_H09-L1_S143_L002_R1_001.fastq.gz,21May3678_H09-L1_S143_L002_R2_001.fastq.gz,19104puegun,19104puegun.L2,19104puegun-2,ILLUMINA,6000
21May3678_H09-L1_S143_L003_R1_001.fastq.gz,21May3678_H09-L1_S143_L003_R2_001.fastq.gz,19104puegun,19104puegun.L3,19104puegun-2,ILLUMINA,6000
21May3678_H09-L1_S143_L004_R1_001.fastq.gz,21May3678_H09-L1_S143_L004_R2_001.fastq.gz,19104puegun,19104puegun.L4,19104puegun-2,ILLUMINA,6000
21May3678_H10-L1_S144_L002_R1_001.fastq.gz,21May3678_H10-L1_S144_L002_R2_001.fastq.gz,18471abeboc,18471abeboc.L2,18471abeboc-2,ILLUMINA,6000
21May3678_H10-L1_S144_L003_R1_001.fastq.gz,21May3678_H10-L1_S144_L003_R2_001.fastq.gz,18471abeboc,18471abeboc.L3,18471abeboc-2,ILLUMINA,6000
21May3678_H10-L1_S144_L004_R1_001.fastq.gz,21May3678_H10-L1_S144_L004_R2_001.fastq.gz,18471abeboc,18471abeboc.L4,18471abeboc-2,ILLUMINA,6000
21May3678_H11-L1_S145_L002_R1_001.fastq.gz,21May3678_H11-L1_S145_L002_R2_001.fastq.gz,PL17_21tigboc,PL17_21tigboc.L2,PL17_21tigboc-2,ILLUMINA,6000
21May3678_H11-L1_S145_L003_R1_001.fastq.gz,21May3678_H11-L1_S145_L003_R2_001.fastq.gz,PL17_21tigboc,PL17_21tigboc.L3,PL17_21tigboc-2,ILLUMINA,6000
21May3678_H11-L1_S145_L004_R1_001.fastq.gz,21May3678_H11-L1_S145_L004_R2_001.fastq.gz,PL17_21tigboc,PL17_21tigboc.L4,PL17_21tigboc-2,ILLUMINA,6000
21May3678_H12-L1_S146_L002_R1_001.fastq.gz,21May3678_H12-L1_S146_L002_R2_001.fastq.gz,19428puebar,19428puebar.L2,19428puebar-2,ILLUMINA,6000
21May3678_H12-L1_S146_L003_R1_001.fastq.gz,21May3678_H12-L1_S146_L003_R2_001.fastq.gz,19428puebar,19428puebar.L3,19428puebar-2,ILLUMINA,6000
21May3678_H12-L1_S146_L004_R1_001.fastq.gz,21May3678_H12-L1_S146_L004_R2_001.fastq.gz,19428puebar,19428puebar.L4,19428puebar-2,ILLUMINA,6000
21May3679_A01-L1_S147_L002_R1_001.fastq.gz,21May3679_A01-L1_S147_L002_R2_001.fastq.gz,18160gutbel,18160gutbel.L2,18160gutbel-2,ILLUMINA,6000
21May3679_A01-L1_S147_L003_R1_001.fastq.gz,21May3679_A01-L1_S147_L003_R2_001.fastq.gz,18160gutbel,18160gutbel.L3,18160gutbel-2,ILLUMINA,6000
21May3679_A01-L1_S147_L004_R1_001.fastq.gz,21May3679_A01-L1_S147_L004_R2_001.fastq.gz,18160gutbel,18160gutbel.L4,18160gutbel-2,ILLUMINA,6000
21May3679_A02-L1_S148_L002_R1_001.fastq.gz,21May3679_A02-L1_S148_L002_R2_001.fastq.gz,62571uniarc,62571uniarc.L2,62571uniarc-2,ILLUMINA,6000
21May3679_A02-L1_S148_L003_R1_001.fastq.gz,21May3679_A02-L1_S148_L003_R2_001.fastq.gz,62571uniarc,62571uniarc.L3,62571uniarc-2,ILLUMINA,6000
21May3679_A02-L1_S148_L004_R1_001.fastq.gz,21May3679_A02-L1_S148_L004_R2_001.fastq.gz,62571uniarc,62571uniarc.L4,62571uniarc-2,ILLUMINA,6000
21May3679_B01-L1_S149_L002_R1_001.fastq.gz,21May3679_B01-L1_S149_L002_R2_001.fastq.gz,20068gutbel,20068gutbel.L2,20068gutbel-2,ILLUMINA,6000
21May3679_B01-L1_S149_L003_R1_001.fastq.gz,21May3679_B01-L1_S149_L003_R2_001.fastq.gz,20068gutbel,20068gutbel.L3,20068gutbel-2,ILLUMINA,6000
21May3679_B01-L1_S149_L004_R1_001.fastq.gz,21May3679_B01-L1_S149_L004_R2_001.fastq.gz,20068gutbel,20068gutbel.L4,20068gutbel-2,ILLUMINA,6000
21May3679_C01-L1_S150_L002_R1_001.fastq.gz,21May3679_C01-L1_S150_L002_R2_001.fastq.gz,19294tangun,19294tangun.L2,19294tangun-2,ILLUMINA,6000
21May3679_C01-L1_S150_L003_R1_001.fastq.gz,21May3679_C01-L1_S150_L003_R2_001.fastq.gz,19294tangun,19294tangun.L3,19294tangun-2,ILLUMINA,6000
21May3679_C01-L1_S150_L004_R1_001.fastq.gz,21May3679_C01-L1_S150_L004_R2_001.fastq.gz,19294tangun,19294tangun.L4,19294tangun-2,ILLUMINA,6000
21May3679_D01-L1_S151_L002_R1_001.fastq.gz,21May3679_D01-L1_S151_L002_R2_001.fastq.gz,19427puebar,19427puebar.L2,19427puebar-2,ILLUMINA,6000
21May3679_D01-L1_S151_L003_R1_001.fastq.gz,21May3679_D01-L1_S151_L003_R2_001.fastq.gz,19427puebar,19427puebar.L3,19427puebar-2,ILLUMINA,6000
21May3679_D01-L1_S151_L004_R1_001.fastq.gz,21May3679_D01-L1_S151_L004_R2_001.fastq.gz,19427puebar,19427puebar.L4,19427puebar-2,ILLUMINA,6000
21May3679_E01-L1_S152_L002_R1_001.fastq.gz,21May3679_E01-L1_S152_L002_R2_001.fastq.gz,HypoHaiti1libhai,HypoHaiti1libhai.L2,HypoHaiti1libhai-2,ILLUMINA,6000
21May3679_E01-L1_S152_L003_R1_001.fastq.gz,21May3679_E01-L1_S152_L003_R2_001.fastq.gz,HypoHaiti1libhai,HypoHaiti1libhai.L3,HypoHaiti1libhai-2,ILLUMINA,6000
21May3679_E01-L1_S152_L004_R1_001.fastq.gz,21May3679_E01-L1_S152_L004_R2_001.fastq.gz,HypoHaiti1libhai,HypoHaiti1libhai.L4,HypoHaiti1libhai-2,ILLUMINA,6000
21May3679_F01-L1_S153_L002_R1_001.fastq.gz,21May3679_F01-L1_S153_L002_R2_001.fastq.gz,HypoHaiti2libhai,HypoHaiti2libhai.L2,HypoHaiti2libhai-2,ILLUMINA,6000
21May3679_F01-L1_S153_L003_R1_001.fastq.gz,21May3679_F01-L1_S153_L003_R2_001.fastq.gz,HypoHaiti2libhai,HypoHaiti2libhai.L3,HypoHaiti2libhai-2,ILLUMINA,6000
21May3679_F01-L1_S153_L004_R1_001.fastq.gz,21May3679_F01-L1_S153_L004_R2_001.fastq.gz,HypoHaiti2libhai,HypoHaiti2libhai.L4,HypoHaiti2libhai-2,ILLUMINA,6000
21May3679_G01-L1_S154_L002_R1_001.fastq.gz,21May3679_G01-L1_S154_L002_R2_001.fastq.gz,HypoHaiti3libhai,HypoHaiti3libhai.L2,HypoHaiti3libhai-2,ILLUMINA,6000
21May3679_G01-L1_S154_L003_R1_001.fastq.gz,21May3679_G01-L1_S154_L003_R2_001.fastq.gz,HypoHaiti3libhai,HypoHaiti3libhai.L3,HypoHaiti3libhai-2,ILLUMINA,6000
21May3679_G01-L1_S154_L004_R1_001.fastq.gz,21May3679_G01-L1_S154_L004_R2_001.fastq.gz,HypoHaiti3libhai,HypoHaiti3libhai.L4,HypoHaiti3libhai-2,ILLUMINA,6000
21May3679_H01-L1_S155_L002_R1_001.fastq.gz,21May3679_H01-L1_S155_L002_R2_001.fastq.gz,28393torboc,28393torboc.L2,28393torboc-2,ILLUMINA,6000
21May3679_H01-L1_S155_L003_R1_001.fastq.gz,21May3679_H01-L1_S155_L003_R2_001.fastq.gz,28393torboc,28393torboc.L3,28393torboc-2,ILLUMINA,6000
21May3679_H01-L1_S155_L004_R1_001.fastq.gz,21May3679_H01-L1_S155_L004_R2_001.fastq.gz,28393torboc,28393torboc.L4,28393torboc-2,ILLUMINA,6000
21May3678_A01-L1_S51_L002_R1_001.fastq.gz,21May3678_A01-L1_S51_L002_R2_001.fastq.gz,62556ecoarc,62556ecoarc.L2,62556ecoarc-2,ILLUMINA,6000
21May3678_A01-L1_S51_L003_R1_001.fastq.gz,21May3678_A01-L1_S51_L003_R2_001.fastq.gz,62556ecoarc,62556ecoarc.L3,62556ecoarc-2,ILLUMINA,6000
21May3678_A01-L1_S51_L004_R1_001.fastq.gz,21May3678_A01-L1_S51_L004_R2_001.fastq.gz,62556ecoarc,62556ecoarc.L4,62556ecoarc-2,ILLUMINA,6000
21May3678_A02-L1_S52_L002_R1_001.fastq.gz,21May3678_A02-L1_S52_L002_R2_001.fastq.gz,13310puequi,13310puequi.L2,13310puequi-2,ILLUMINA,6000
21May3678_A02-L1_S52_L003_R1_001.fastq.gz,21May3678_A02-L1_S52_L003_R2_001.fastq.gz,13310puequi,13310puequi.L3,13310puequi-2,ILLUMINA,6000
21May3678_A02-L1_S52_L004_R1_001.fastq.gz,21May3678_A02-L1_S52_L004_R2_001.fastq.gz,13310puequi,13310puequi.L4,13310puequi-2,ILLUMINA,6000
21May3678_A03-L1_S53_L002_R1_001.fastq.gz,21May3678_A03-L1_S53_L002_R2_001.fastq.gz,29137nigqui,29137nigqui.L2,29137nigqui-2,ILLUMINA,6000
21May3678_A03-L1_S53_L003_R1_001.fastq.gz,21May3678_A03-L1_S53_L003_R2_001.fastq.gz,29137nigqui,29137nigqui.L3,29137nigqui-2,ILLUMINA,6000
21May3678_A03-L1_S53_L004_R1_001.fastq.gz,21May3678_A03-L1_S53_L004_R2_001.fastq.gz,29137nigqui,29137nigqui.L4,29137nigqui-2,ILLUMINA,6000
21May3678_A04-L1_S54_L002_R1_001.fastq.gz,21May3678_A04-L1_S54_L002_R2_001.fastq.gz,62553gemarc,62553gemarc.L2,62553gemarc-2,ILLUMINA,6000
21May3678_A04-L1_S54_L003_R1_001.fastq.gz,21May3678_A04-L1_S54_L003_R2_001.fastq.gz,62553gemarc,62553gemarc.L3,62553gemarc-2,ILLUMINA,6000
21May3678_A04-L1_S54_L004_R1_001.fastq.gz,21May3678_A04-L1_S54_L004_R2_001.fastq.gz,62553gemarc,62553gemarc.L4,62553gemarc-2,ILLUMINA,6000
21May3678_A05-L1_S55_L002_R1_001.fastq.gz,21May3678_A05-L1_S55_L002_R2_001.fastq.gz,30001nigqui,30001nigqui.L2,30001nigqui-2,ILLUMINA,6000
21May3678_A05-L1_S55_L003_R1_001.fastq.gz,21May3678_A05-L1_S55_L003_R2_001.fastq.gz,30001nigqui,30001nigqui.L3,30001nigqui-2,ILLUMINA,6000
21May3678_A05-L1_S55_L004_R1_001.fastq.gz,21May3678_A05-L1_S55_L004_R2_001.fastq.gz,30001nigqui,30001nigqui.L4,30001nigqui-2,ILLUMINA,6000
21May3678_A06-L1_S56_L002_R1_001.fastq.gz,21May3678_A06-L1_S56_L002_R2_001.fastq.gz,52989nigtam,52989nigtam.L2,52989nigtam-2,ILLUMINA,6000
21May3678_A06-L1_S56_L003_R1_001.fastq.gz,21May3678_A06-L1_S56_L003_R2_001.fastq.gz,52989nigtam,52989nigtam.L3,52989nigtam-2,ILLUMINA,6000
21May3678_A06-L1_S56_L004_R1_001.fastq.gz,21May3678_A06-L1_S56_L004_R2_001.fastq.gz,52989nigtam,52989nigtam.L4,52989nigtam-2,ILLUMINA,6000
21May3678_A07-L1_S57_L002_R1_001.fastq.gz,21May3678_A07-L1_S57_L002_R2_001.fastq.gz,20846prohon,20846prohon.L2,20846prohon-2,ILLUMINA,6000
21May3678_A07-L1_S57_L003_R1_001.fastq.gz,21May3678_A07-L1_S57_L003_R2_001.fastq.gz,20846prohon,20846prohon.L3,20846prohon-2,ILLUMINA,6000
21May3678_A07-L1_S57_L004_R1_001.fastq.gz,21May3678_A07-L1_S57_L004_R2_001.fastq.gz,20846prohon,20846prohon.L4,20846prohon-2,ILLUMINA,6000
21May3678_A08-L1_S58_L002_R1_001.fastq.gz,21May3678_A08-L1_S58_L002_R2_001.fastq.gz,19546abegun,19546abegun.L2,19546abegun-2,ILLUMINA,6000
21May3678_A08-L1_S58_L003_R1_001.fastq.gz,21May3678_A08-L1_S58_L003_R2_001.fastq.gz,19546abegun,19546abegun.L3,19546abegun-2,ILLUMINA,6000
21May3678_A08-L1_S58_L004_R1_001.fastq.gz,21May3678_A08-L1_S58_L004_R2_001.fastq.gz,19546abegun,19546abegun.L4,19546abegun-2,ILLUMINA,6000
21May3678_A09-L1_S59_L002_R1_001.fastq.gz,21May3678_A09-L1_S59_L002_R2_001.fastq.gz,19190indgun,19190indgun.L2,19190indgun-2,ILLUMINA,6000
21May3678_A09-L1_S59_L003_R1_001.fastq.gz,21May3678_A09-L1_S59_L003_R2_001.fastq.gz,19190indgun,19190indgun.L3,19190indgun-2,ILLUMINA,6000
21May3678_A09-L1_S59_L004_R1_001.fastq.gz,21May3678_A09-L1_S59_L004_R2_001.fastq.gz,19190indgun,19190indgun.L4,19190indgun-2,ILLUMINA,6000
21May3678_A10-L1_S60_L002_R1_001.fastq.gz,21May3678_A10-L1_S60_L002_R2_001.fastq.gz,19124indgun,19124indgun.L2,19124indgun-2,ILLUMINA,6000
21May3678_A10-L1_S60_L003_R1_001.fastq.gz,21May3678_A10-L1_S60_L003_R2_001.fastq.gz,19124indgun,19124indgun.L3,19124indgun-2,ILLUMINA,6000
21May3678_A10-L1_S60_L004_R1_001.fastq.gz,21May3678_A10-L1_S60_L004_R2_001.fastq.gz,19124indgun,19124indgun.L4,19124indgun-2,ILLUMINA,6000
21May3678_A11-L1_S61_L002_R1_001.fastq.gz,21May3678_A11-L1_S61_L002_R2_001.fastq.gz,18449gumboc,18449gumboc.L2,18449gumboc-2,ILLUMINA,6000
21May3678_A11-L1_S61_L003_R1_001.fastq.gz,21May3678_A11-L1_S61_L003_R2_001.fastq.gz,18449gumboc,18449gumboc.L3,18449gumboc-2,ILLUMINA,6000
21May3678_A11-L1_S61_L004_R1_001.fastq.gz,21May3678_A11-L1_S61_L004_R2_001.fastq.gz,18449gumboc,18449gumboc.L4,18449gumboc-2,ILLUMINA,6000
21May3678_A12-L1_S62_L002_R1_001.fastq.gz,21May3678_A12-L1_S62_L002_R2_001.fastq.gz,18452abeboc,18452abeboc.L2,18452abeboc-2,ILLUMINA,6000
21May3678_A12-L1_S62_L003_R1_001.fastq.gz,21May3678_A12-L1_S62_L003_R2_001.fastq.gz,18452abeboc,18452abeboc.L3,18452abeboc-2,ILLUMINA,6000
21May3678_A12-L1_S62_L004_R1_001.fastq.gz,21May3678_A12-L1_S62_L004_R2_001.fastq.gz,18452abeboc,18452abeboc.L4,18452abeboc-2,ILLUMINA,6000
21May3678_B01-L1_S63_L002_R1_001.fastq.gz,21May3678_B01-L1_S63_L002_R2_001.fastq.gz,33023nigqui,33023nigqui.L2,33023nigqui-2,ILLUMINA,6000
21May3678_B01-L1_S63_L003_R1_001.fastq.gz,21May3678_B01-L1_S63_L003_R2_001.fastq.gz,33023nigqui,33023nigqui.L3,33023nigqui-2,ILLUMINA,6000
21May3678_B01-L1_S63_L004_R1_001.fastq.gz,21May3678_B01-L1_S63_L004_R2_001.fastq.gz,33023nigqui,33023nigqui.L4,33023nigqui-2,ILLUMINA,6000
21May3678_B02-L1_S64_L002_R1_001.fastq.gz,21May3678_B02-L1_S64_L002_R2_001.fastq.gz,28713puequi,28713puequi.L2,28713puequi-2,ILLUMINA,6000
21May3678_B02-L1_S64_L003_R1_001.fastq.gz,21May3678_B02-L1_S64_L003_R2_001.fastq.gz,28713puequi,28713puequi.L3,28713puequi-2,ILLUMINA,6000
21May3678_B02-L1_S64_L004_R1_001.fastq.gz,21May3678_B02-L1_S64_L004_R2_001.fastq.gz,28713puequi,28713puequi.L4,28713puequi-2,ILLUMINA,6000
21May3678_B03-L1_S65_L002_R1_001.fastq.gz,21May3678_B03-L1_S65_L002_R2_001.fastq.gz,27709uniqui,27709uniqui.L2,27709uniqui-2,ILLUMINA,6000
21May3678_B03-L1_S65_L003_R1_001.fastq.gz,21May3678_B03-L1_S65_L003_R2_001.fastq.gz,27709uniqui,27709uniqui.L3,27709uniqui-2,ILLUMINA,6000
21May3678_B03-L1_S65_L004_R1_001.fastq.gz,21May3678_B03-L1_S65_L004_R2_001.fastq.gz,27709uniqui,27709uniqui.L4,27709uniqui-2,ILLUMINA,6000
21May3678_B04-L1_S66_L002_R1_001.fastq.gz,21May3678_B04-L1_S66_L002_R2_001.fastq.gz,28939puequi,28939puequi.L2,28939puequi-2,ILLUMINA,6000
21May3678_B04-L1_S66_L003_R1_001.fastq.gz,21May3678_B04-L1_S66_L003_R2_001.fastq.gz,28939puequi,28939puequi.L3,28939puequi-2,ILLUMINA,6000
21May3678_B04-L1_S66_L004_R1_001.fastq.gz,21May3678_B04-L1_S66_L004_R2_001.fastq.gz,28939puequi,28939puequi.L4,28939puequi-2,ILLUMINA,6000
21May3678_B05-L1_S67_L002_R1_001.fastq.gz,21May3678_B05-L1_S67_L002_R2_001.fastq.gz,62577puearc,62577puearc.L2,62577puearc-2,ILLUMINA,6000
21May3678_B05-L1_S67_L003_R1_001.fastq.gz,21May3678_B05-L1_S67_L003_R2_001.fastq.gz,62577puearc,62577puearc.L3,62577puearc-2,ILLUMINA,6000
21May3678_B05-L1_S67_L004_R1_001.fastq.gz,21May3678_B05-L1_S67_L004_R2_001.fastq.gz,62577puearc,62577puearc.L4,62577puearc-2,ILLUMINA,6000
21May3678_B06-L1_S68_L002_R1_001.fastq.gz,21May3678_B06-L1_S68_L002_R2_001.fastq.gz,62560floarc,62560floarc.L2,62560floarc-2,ILLUMINA,6000
21May3678_B06-L1_S68_L003_R1_001.fastq.gz,21May3678_B06-L1_S68_L003_R2_001.fastq.gz,62560floarc,62560floarc.L3,62560floarc-2,ILLUMINA,6000
21May3678_B06-L1_S68_L004_R1_001.fastq.gz,21May3678_B06-L1_S68_L004_R2_001.fastq.gz,62560floarc,62560floarc.L4,62560floarc-2,ILLUMINA,6000
21May3678_B07-L1_S69_L002_R1_001.fastq.gz,21May3678_B07-L1_S69_L002_R2_001.fastq.gz,20757indhon,20757indhon.L2,20757indhon-2,ILLUMINA,6000
21May3678_B07-L1_S69_L003_R1_001.fastq.gz,21May3678_B07-L1_S69_L003_R2_001.fastq.gz,20757indhon,20757indhon.L3,20757indhon-2,ILLUMINA,6000
21May3678_B07-L1_S69_L004_R1_001.fastq.gz,21May3678_B07-L1_S69_L004_R2_001.fastq.gz,20757indhon,20757indhon.L4,20757indhon-2,ILLUMINA,6000
21May3678_B08-L1_S70_L002_R1_001.fastq.gz,21May3678_B08-L1_S70_L002_R2_001.fastq.gz,19519affgun,19519affgun.L2,19519affgun-2,ILLUMINA,6000
21May3678_B08-L1_S70_L003_R1_001.fastq.gz,21May3678_B08-L1_S70_L003_R2_001.fastq.gz,19519affgun,19519affgun.L3,19519affgun-2,ILLUMINA,6000
21May3678_B08-L1_S70_L004_R1_001.fastq.gz,21May3678_B08-L1_S70_L004_R2_001.fastq.gz,19519affgun,19519affgun.L4,19519affgun-2,ILLUMINA,6000
21May3678_B09-L1_S71_L002_R1_001.fastq.gz,21May3678_B09-L1_S71_L002_R2_001.fastq.gz,19162indgun,19162indgun.L2,19162indgun-2,ILLUMINA,6000
21May3678_B09-L1_S71_L003_R1_001.fastq.gz,21May3678_B09-L1_S71_L003_R2_001.fastq.gz,19162indgun,19162indgun.L3,19162indgun-2,ILLUMINA,6000
21May3678_B09-L1_S71_L004_R1_001.fastq.gz,21May3678_B09-L1_S71_L004_R2_001.fastq.gz,19162indgun,19162indgun.L4,19162indgun-2,ILLUMINA,6000
21May3678_B10-L1_S72_L002_R1_001.fastq.gz,21May3678_B10-L1_S72_L002_R2_001.fastq.gz,19079tanbar,19079tanbar.L2,19079tanbar-2,ILLUMINA,6000
21May3678_B10-L1_S72_L003_R1_001.fastq.gz,21May3678_B10-L1_S72_L003_R2_001.fastq.gz,19079tanbar,19079tanbar.L3,19079tanbar-2,ILLUMINA,6000
21May3678_B10-L1_S72_L004_R1_001.fastq.gz,21May3678_B10-L1_S72_L004_R2_001.fastq.gz,19079tanbar,19079tanbar.L4,19079tanbar-2,ILLUMINA,6000
21May3678_B11-L1_S73_L002_R1_001.fastq.gz,21May3678_B11-L1_S73_L002_R2_001.fastq.gz,18263abebel,18263abebel.L2,18263abebel-2,ILLUMINA,6000
21May3678_B11-L1_S73_L003_R1_001.fastq.gz,21May3678_B11-L1_S73_L003_R2_001.fastq.gz,18263abebel,18263abebel.L3,18263abebel-2,ILLUMINA,6000
21May3678_B11-L1_S73_L004_R1_001.fastq.gz,21May3678_B11-L1_S73_L004_R2_001.fastq.gz,18263abebel,18263abebel.L4,18263abebel-2,ILLUMINA,6000
21May3678_B12-L1_S74_L002_R1_001.fastq.gz,21May3678_B12-L1_S74_L002_R2_001.fastq.gz,18936affboc,18936affboc.L2,18936affboc-2,ILLUMINA,6000
21May3678_B12-L1_S74_L003_R1_001.fastq.gz,21May3678_B12-L1_S74_L003_R2_001.fastq.gz,18936affboc,18936affboc.L3,18936affboc-2,ILLUMINA,6000
21May3678_B12-L1_S74_L004_R1_001.fastq.gz,21May3678_B12-L1_S74_L004_R2_001.fastq.gz,18936affboc,18936affboc.L4,18936affboc-2,ILLUMINA,6000
21May3678_C01-L1_S75_L002_R1_001.fastq.gz,21May3678_C01-L1_S75_L002_R2_001.fastq.gz,29212indqui,29212indqui.L2,29212indqui-2,ILLUMINA,6000
21May3678_C01-L1_S75_L003_R1_001.fastq.gz,21May3678_C01-L1_S75_L003_R2_001.fastq.gz,29212indqui,29212indqui.L3,29212indqui-2,ILLUMINA,6000
21May3678_C01-L1_S75_L004_R1_001.fastq.gz,21May3678_C01-L1_S75_L004_R2_001.fastq.gz,29212indqui,29212indqui.L4,29212indqui-2,ILLUMINA,6000
21May3678_C02-L1_S76_L002_R1_001.fastq.gz,21May3678_C02-L1_S76_L002_R2_001.fastq.gz,62953puearc,62953puearc.L2,62953puearc-2,ILLUMINA,6000
21May3678_C02-L1_S76_L003_R1_001.fastq.gz,21May3678_C02-L1_S76_L003_R2_001.fastq.gz,62953puearc,62953puearc.L3,62953puearc-2,ILLUMINA,6000
21May3678_C02-L1_S76_L004_R1_001.fastq.gz,21May3678_C02-L1_S76_L004_R2_001.fastq.gz,62953puearc,62953puearc.L4,62953puearc-2,ILLUMINA,6000
21May3678_C03-L1_S77_L002_R1_001.fastq.gz,21May3678_C03-L1_S77_L002_R2_001.fastq.gz,62948puearc,62948puearc.L2,62948puearc-2,ILLUMINA,6000
21May3678_C03-L1_S77_L003_R1_001.fastq.gz,21May3678_C03-L1_S77_L003_R2_001.fastq.gz,62948puearc,62948puearc.L3,62948puearc-2,ILLUMINA,6000
21May3678_C03-L1_S77_L004_R1_001.fastq.gz,21May3678_C03-L1_S77_L004_R2_001.fastq.gz,62948puearc,62948puearc.L4,62948puearc-2,ILLUMINA,6000
21May3678_C04-L1_S78_L002_R1_001.fastq.gz,21May3678_C04-L1_S78_L002_R2_001.fastq.gz,62555uniarc,62555uniarc.L2,62555uniarc-2,ILLUMINA,6000
21May3678_C04-L1_S78_L003_R1_001.fastq.gz,21May3678_C04-L1_S78_L003_R2_001.fastq.gz,62555uniarc,62555uniarc.L3,62555uniarc-2,ILLUMINA,6000
21May3678_C04-L1_S78_L004_R1_001.fastq.gz,21May3678_C04-L1_S78_L004_R2_001.fastq.gz,62555uniarc,62555uniarc.L4,62555uniarc-2,ILLUMINA,6000
21May3678_C05-L1_S79_L002_R1_001.fastq.gz,21May3678_C05-L1_S79_L002_R2_001.fastq.gz,13318uniqui,13318uniqui.L2,13318uniqui-2,ILLUMINA,6000
21May3678_C05-L1_S79_L003_R1_001.fastq.gz,21May3678_C05-L1_S79_L003_R2_001.fastq.gz,13318uniqui,13318uniqui.L3,13318uniqui-2,ILLUMINA,6000
21May3678_C05-L1_S79_L004_R1_001.fastq.gz,21May3678_C05-L1_S79_L004_R2_001.fastq.gz,13318uniqui,13318uniqui.L4,13318uniqui-2,ILLUMINA,6000
21May3678_C06-L1_S80_L002_R1_001.fastq.gz,21May3678_C06-L1_S80_L002_R2_001.fastq.gz,54849atlliz,54849atlliz.L2,54849atlliz-2,ILLUMINA,6000
21May3678_C06-L1_S80_L003_R1_001.fastq.gz,21May3678_C06-L1_S80_L003_R2_001.fastq.gz,54849atlliz,54849atlliz.L3,54849atlliz-2,ILLUMINA,6000
21May3678_C06-L1_S80_L004_R1_001.fastq.gz,21May3678_C06-L1_S80_L004_R2_001.fastq.gz,54849atlliz,54849atlliz.L4,54849atlliz-2,ILLUMINA,6000
21May3678_C07-L1_S81_L002_R1_001.fastq.gz,21May3678_C07-L1_S81_L002_R2_001.fastq.gz,20751guthon,20751guthon.L2,20751guthon-2,ILLUMINA,6000
21May3678_C07-L1_S81_L003_R1_001.fastq.gz,21May3678_C07-L1_S81_L003_R2_001.fastq.gz,20751guthon,20751guthon.L3,20751guthon-2,ILLUMINA,6000
21May3678_C07-L1_S81_L004_R1_001.fastq.gz,21May3678_C07-L1_S81_L004_R2_001.fastq.gz,20751guthon,20751guthon.L4,20751guthon-2,ILLUMINA,6000
21May3678_C08-L1_S82_L002_R1_001.fastq.gz,21May3678_C08-L1_S82_L002_R2_001.fastq.gz,19437tanbar,19437tanbar.L2,19437tanbar-2,ILLUMINA,6000
21May3678_C08-L1_S82_L003_R1_001.fastq.gz,21May3678_C08-L1_S82_L003_R2_001.fastq.gz,19437tanbar,19437tanbar.L3,19437tanbar-2,ILLUMINA,6000
21May3678_C08-L1_S82_L004_R1_001.fastq.gz,21May3678_C08-L1_S82_L004_R2_001.fastq.gz,19437tanbar,19437tanbar.L4,19437tanbar-2,ILLUMINA,6000
21May3678_C09-L1_S83_L002_R1_001.fastq.gz,21May3678_C09-L1_S83_L002_R2_001.fastq.gz,19150niggun,19150niggun.L2,19150niggun-2,ILLUMINA,6000
21May3678_C09-L1_S83_L003_R1_001.fastq.gz,21May3678_C09-L1_S83_L003_R2_001.fastq.gz,19150niggun,19150niggun.L3,19150niggun-2,ILLUMINA,6000
21May3678_C09-L1_S83_L004_R1_001.fastq.gz,21May3678_C09-L1_S83_L004_R2_001.fastq.gz,19150niggun,19150niggun.L4,19150niggun-2,ILLUMINA,6000
21May3678_C10-L1_S84_L002_R1_001.fastq.gz,21May3678_C10-L1_S84_L002_R2_001.fastq.gz,19077tanbar,19077tanbar.L2,19077tanbar-2,ILLUMINA,6000
21May3678_C10-L1_S84_L003_R1_001.fastq.gz,21May3678_C10-L1_S84_L003_R2_001.fastq.gz,19077tanbar,19077tanbar.L3,19077tanbar-2,ILLUMINA,6000
21May3678_C10-L1_S84_L004_R1_001.fastq.gz,21May3678_C10-L1_S84_L004_R2_001.fastq.gz,19077tanbar,19077tanbar.L4,19077tanbar-2,ILLUMINA,6000
21May3678_C11-L1_S85_L002_R1_001.fastq.gz,21May3678_C11-L1_S85_L002_R2_001.fastq.gz,18935affboc,18935affboc.L2,18935affboc-2,ILLUMINA,6000
21May3678_C11-L1_S85_L003_R1_001.fastq.gz,21May3678_C11-L1_S85_L003_R2_001.fastq.gz,18935affboc,18935affboc.L3,18935affboc-2,ILLUMINA,6000
21May3678_C11-L1_S85_L004_R1_001.fastq.gz,21May3678_C11-L1_S85_L004_R2_001.fastq.gz,18935affboc,18935affboc.L4,18935affboc-2,ILLUMINA,6000
21May3678_C12-L1_S86_L002_R1_001.fastq.gz,21May3678_C12-L1_S86_L002_R2_001.fastq.gz,23318gutboc,23318gutboc.L2,23318gutboc-2,ILLUMINA,6000
21May3678_C12-L1_S86_L003_R1_001.fastq.gz,21May3678_C12-L1_S86_L003_R2_001.fastq.gz,23318gutboc,23318gutboc.L3,23318gutboc-2,ILLUMINA,6000
21May3678_C12-L1_S86_L004_R1_001.fastq.gz,21May3678_C12-L1_S86_L004_R2_001.fastq.gz,23318gutboc,23318gutboc.L4,23318gutboc-2,ILLUMINA,6000
21May3678_D01-L1_S87_L002_R1_001.fastq.gz,21May3678_D01-L1_S87_L002_R2_001.fastq.gz,62551abearc,62551abearc.L2,62551abearc-2,ILLUMINA,6000
21May3678_D01-L1_S87_L003_R1_001.fastq.gz,21May3678_D01-L1_S87_L003_R2_001.fastq.gz,62551abearc,62551abearc.L3,62551abearc-2,ILLUMINA,6000
21May3678_D01-L1_S87_L004_R1_001.fastq.gz,21May3678_D01-L1_S87_L004_R2_001.fastq.gz,62551abearc,62551abearc.L4,62551abearc-2,ILLUMINA,6000
21May3678_D02-L1_S88_L002_R1_001.fastq.gz,21May3678_D02-L1_S88_L002_R2_001.fastq.gz,62585uniarc,62585uniarc.L2,62585uniarc-2,ILLUMINA,6000
21May3678_D02-L1_S88_L003_R1_001.fastq.gz,21May3678_D02-L1_S88_L003_R2_001.fastq.gz,62585uniarc,62585uniarc.L3,62585uniarc-2,ILLUMINA,6000
21May3678_D02-L1_S88_L004_R1_001.fastq.gz,21May3678_D02-L1_S88_L004_R2_001.fastq.gz,62585uniarc,62585uniarc.L4,62585uniarc-2,ILLUMINA,6000
21May3678_D03-L1_S89_L002_R1_001.fastq.gz,21May3678_D03-L1_S89_L002_R2_001.fastq.gz,62559floarc,62559floarc.L2,62559floarc-2,ILLUMINA,6000
21May3678_D03-L1_S89_L003_R1_001.fastq.gz,21May3678_D03-L1_S89_L003_R2_001.fastq.gz,62559floarc,62559floarc.L3,62559floarc-2,ILLUMINA,6000
21May3678_D03-L1_S89_L004_R1_001.fastq.gz,21May3678_D03-L1_S89_L004_R2_001.fastq.gz,62559floarc,62559floarc.L4,62559floarc-2,ILLUMINA,6000
21May3678_D04-L1_S90_L002_R1_001.fastq.gz,21May3678_D04-L1_S90_L002_R2_001.fastq.gz,62552abearc,62552abearc.L2,62552abearc-2,ILLUMINA,6000
21May3678_D04-L1_S90_L003_R1_001.fastq.gz,21May3678_D04-L1_S90_L003_R2_001.fastq.gz,62552abearc,62552abearc.L3,62552abearc-2,ILLUMINA,6000
21May3678_D04-L1_S90_L004_R1_001.fastq.gz,21May3678_D04-L1_S90_L004_R2_001.fastq.gz,62552abearc,62552abearc.L4,62552abearc-2,ILLUMINA,6000
21May3678_D05-L1_S91_L002_R1_001.fastq.gz,21May3678_D05-L1_S91_L002_R2_001.fastq.gz,54786atlliz,54786atlliz.L2,54786atlliz-2,ILLUMINA,6000
21May3678_D05-L1_S91_L003_R1_001.fastq.gz,21May3678_D05-L1_S91_L003_R2_001.fastq.gz,54786atlliz,54786atlliz.L3,54786atlliz-2,ILLUMINA,6000
21May3678_D05-L1_S91_L004_R1_001.fastq.gz,21May3678_D05-L1_S91_L004_R2_001.fastq.gz,54786atlliz,54786atlliz.L4,54786atlliz-2,ILLUMINA,6000
21May3678_D06-L1_S92_L002_R1_001.fastq.gz,21May3678_D06-L1_S92_L002_R2_001.fastq.gz,62562ranarc,62562ranarc.L2,62562ranarc-2,ILLUMINA,6000
21May3678_D06-L1_S92_L003_R1_001.fastq.gz,21May3678_D06-L1_S92_L003_R2_001.fastq.gz,62562ranarc,62562ranarc.L3,62562ranarc-2,ILLUMINA,6000
21May3678_D06-L1_S92_L004_R1_001.fastq.gz,21May3678_D06-L1_S92_L004_R2_001.fastq.gz,62562ranarc,62562ranarc.L4,62562ranarc-2,ILLUMINA,6000
21May3678_D07-L1_S93_L002_R1_001.fastq.gz,21May3678_D07-L1_S93_L002_R2_001.fastq.gz,23322affboc,23322affboc.L2,23322affboc-2,ILLUMINA,6000
21May3678_D07-L1_S93_L003_R1_001.fastq.gz,21May3678_D07-L1_S93_L003_R2_001.fastq.gz,23322affboc,23322affboc.L3,23322affboc-2,ILLUMINA,6000
21May3678_D07-L1_S93_L004_R1_001.fastq.gz,21May3678_D07-L1_S93_L004_R2_001.fastq.gz,23322affboc,23322affboc.L4,23322affboc-2,ILLUMINA,6000
21May3678_D08-L1_S94_L002_R1_001.fastq.gz,21May3678_D08-L1_S94_L002_R2_001.fastq.gz,19435chlbar,19435chlbar.L2,19435chlbar-2,ILLUMINA,6000
21May3678_D08-L1_S94_L003_R1_001.fastq.gz,21May3678_D08-L1_S94_L003_R2_001.fastq.gz,19435chlbar,19435chlbar.L3,19435chlbar-2,ILLUMINA,6000
21May3678_D08-L1_S94_L004_R1_001.fastq.gz,21May3678_D08-L1_S94_L004_R2_001.fastq.gz,19435chlbar,19435chlbar.L4,19435chlbar-2,ILLUMINA,6000
21May3678_D09-L1_S95_L002_R1_001.fastq.gz,21May3678_D09-L1_S95_L002_R2_001.fastq.gz,19131niggun,19131niggun.L2,19131niggun-2,ILLUMINA,6000
21May3678_D09-L1_S95_L003_R1_001.fastq.gz,21May3678_D09-L1_S95_L003_R2_001.fastq.gz,19131niggun,19131niggun.L3,19131niggun-2,ILLUMINA,6000
21May3678_D09-L1_S95_L004_R1_001.fastq.gz,21May3678_D09-L1_S95_L004_R2_001.fastq.gz,19131niggun,19131niggun.L4,19131niggun-2,ILLUMINA,6000
21May3678_D10-L1_S96_L002_R1_001.fastq.gz,21May3678_D10-L1_S96_L002_R2_001.fastq.gz,19080gutbar,19080gutbar.L2,19080gutbar-2,ILLUMINA,6000
21May3678_D10-L1_S96_L003_R1_001.fastq.gz,21May3678_D10-L1_S96_L003_R2_001.fastq.gz,19080gutbar,19080gutbar.L3,19080gutbar-2,ILLUMINA,6000
21May3678_D10-L1_S96_L004_R1_001.fastq.gz,21May3678_D10-L1_S96_L004_R2_001.fastq.gz,19080gutbar,19080gutbar.L4,19080gutbar-2,ILLUMINA,6000
21May3678_D11-L1_S97_L002_R1_001.fastq.gz,21May3678_D11-L1_S97_L002_R2_001.fastq.gz,18949abegun,18949abegun.L2,18949abegun-2,ILLUMINA,6000
21May3678_D11-L1_S97_L003_R1_001.fastq.gz,21May3678_D11-L1_S97_L003_R2_001.fastq.gz,18949abegun,18949abegun.L3,18949abegun-2,ILLUMINA,6000
21May3678_D11-L1_S97_L004_R1_001.fastq.gz,21May3678_D11-L1_S97_L004_R2_001.fastq.gz,18949abegun,18949abegun.L4,18949abegun-2,ILLUMINA,6000
21May3678_D12-L1_S98_L002_R1_001.fastq.gz,21May3678_D12-L1_S98_L002_R2_001.fastq.gz,23301gumboc,23301gumboc.L2,23301gumboc-2,ILLUMINA,6000
21May3678_D12-L1_S98_L003_R1_001.fastq.gz,21May3678_D12-L1_S98_L003_R2_001.fastq.gz,23301gumboc,23301gumboc.L3,23301gumboc-2,ILLUMINA,6000
21May3678_D12-L1_S98_L004_R1_001.fastq.gz,21May3678_D12-L1_S98_L004_R2_001.fastq.gz,23301gumboc,23301gumboc.L4,23301gumboc-2,ILLUMINA,6000
21May3678_E01-L1_S99_L002_R1_001.fastq.gz,21May3678_E01-L1_S99_L002_R2_001.fastq.gz,27936flotam,27936flotam.L2,27936flotam-2,ILLUMINA,6000
21May3678_E01-L1_S99_L003_R1_001.fastq.gz,21May3678_E01-L1_S99_L003_R2_001.fastq.gz,27936flotam,27936flotam.L3,27936flotam-2,ILLUMINA,6000
21May3678_E01-L1_S99_L004_R1_001.fastq.gz,21May3678_E01-L1_S99_L004_R2_001.fastq.gz,27936flotam,27936flotam.L4,27936flotam-2,ILLUMINA,6000
F04766-L1_S1_L001_R1_001.fastq.gz,F04766-L1_S1_L001_R2_001.fastq.gz,18442uniboc,18442uniboc.L1,18442uniboc-1,ILLUMINA,4000
F04767-L1_S2_L001_R1_001.fastq.gz,F04767-L1_S2_L001_R2_001.fastq.gz,18902nigboc,18902nigboc.L1,18902nigboc-1,ILLUMINA,4000
F04768-L1_S6_L002_R1_001.fastq.gz,F04768-L1_S6_L002_R2_001.fastq.gz,18917pueboc,18917pueboc.L2,18917pueboc-1,ILLUMINA,4000
F04769-L1_S7_L002_R1_001.fastq.gz,F04769-L1_S7_L002_R2_001.fastq.gz,18901nigboc,18901nigboc.L2,18901nigboc-1,ILLUMINA,4000
F04770-L1_S8_L002_R1_001.fastq.gz,F04770-L1_S8_L002_R2_001.fastq.gz,18427pueboc,18427pueboc.L2,18427pueboc-1,ILLUMINA,4000
F04771-L1_S9_L002_R1_001.fastq.gz,F04771-L1_S9_L002_R2_001.fastq.gz,18446uniboc,18446uniboc.L2,18446uniboc-1,ILLUMINA,4000
F04772-L1_S10_L002_R1_001.fastq.gz,F04772-L1_S10_L002_R2_001.fastq.gz,18915pueboc,18915pueboc.L2,18915pueboc-1,ILLUMINA,4000
F04773-L1_S11_L002_R1_001.fastq.gz,F04773-L1_S11_L002_R2_001.fastq.gz,18447uniboc,18447uniboc.L2,18447uniboc-1,ILLUMINA,4000
F04774-L1_S12_L002_R1_001.fastq.gz,F04774-L1_S12_L002_R2_001.fastq.gz,18435uniboc,18435uniboc.L2,18435uniboc-1,ILLUMINA,4000
F04775-L1_S13_L002_R1_001.fastq.gz,F04775-L1_S13_L002_R2_001.fastq.gz,18903nigboc,18903nigboc.L2,18903nigboc-1,ILLUMINA,4000
F04775-L1_S13_L003_R1_001.fastq.gz,F04775-L1_S13_L003_R2_001.fastq.gz,18903nigboc,18903nigboc.L3,18903nigboc-1,ILLUMINA,4000
F04776-L1_S14_L003_R1_001.fastq.gz,F04776-L1_S14_L003_R2_001.fastq.gz,18424nigboc,18424nigboc.L3,18424nigboc-1,ILLUMINA,4000
F04777-L1_S15_L003_R1_001.fastq.gz,F04777-L1_S15_L003_R2_001.fastq.gz,18450uniboc,18450uniboc.L3,18450uniboc-1,ILLUMINA,4000
F04778-L1_S16_L003_R1_001.fastq.gz,F04778-L1_S16_L003_R2_001.fastq.gz,18428nigboc,18428nigboc.L3,18428nigboc-1,ILLUMINA,4000
F04779-L1_S17_L003_R1_001.fastq.gz,F04779-L1_S17_L003_R2_001.fastq.gz,18440uniboc,18440uniboc.L3,18440uniboc-1,ILLUMINA,4000
F04780-L1_S18_L003_R1_001.fastq.gz,F04780-L1_S18_L003_R2_001.fastq.gz,18426pueboc,18426pueboc.L3,18426pueboc-1,ILLUMINA,4000
F04781-L1_S19_L003_R1_001.fastq.gz,F04781-L1_S19_L003_R2_001.fastq.gz,18418nigboc,18418nigboc.L3,18418nigboc-1,ILLUMINA,4000
F04782-L1_S20_L003_R1_001.fastq.gz,F04782-L1_S20_L003_R2_001.fastq.gz,18907nigboc,18907nigboc.L3,18907nigboc-1,ILLUMINA,4000
F04783-L1_S21_L004_R1_001.fastq.gz,F04783-L1_S21_L004_R2_001.fastq.gz,18439uniboc,18439uniboc.L4,18439uniboc-1,ILLUMINA,4000
F04784-L1_S22_L004_R1_001.fastq.gz,F04784-L1_S22_L004_R2_001.fastq.gz,18909nigboc,18909nigboc.L4,18909nigboc-1,ILLUMINA,4000
F04785-L1_S23_L004_R1_001.fastq.gz,F04785-L1_S23_L004_R2_001.fastq.gz,18432pueboc,18432pueboc.L4,18432pueboc-1,ILLUMINA,4000
F04786-L1_S24_L004_R1_001.fastq.gz,F04786-L1_S24_L004_R2_001.fastq.gz,18905nigboc,18905nigboc.L4,18905nigboc-1,ILLUMINA,4000
F04787-L1_S25_L004_R1_001.fastq.gz,F04787-L1_S25_L004_R2_001.fastq.gz,18422pueboc,18422pueboc.L4,18422pueboc-1,ILLUMINA,4000
F04788-L1_S26_L004_R1_001.fastq.gz,F04788-L1_S26_L004_R2_001.fastq.gz,18454uniboc,18454uniboc.L4,18454uniboc-1,ILLUMINA,4000
F04789-L1_S27_L004_R1_001.fastq.gz,F04789-L1_S27_L004_R2_001.fastq.gz,18430pueboc,18430pueboc.L4,18430pueboc-1,ILLUMINA,4000
F04790-L1_S28_L004_R1_001.fastq.gz,F04790-L1_S28_L004_R2_001.fastq.gz,18429pueboc,18429pueboc.L4,18429pueboc-1,ILLUMINA,4000
F04790-L1_S28_L005_R1_001.fastq.gz,F04790-L1_S28_L005_R2_001.fastq.gz,18429pueboc,18429pueboc.L5,18429pueboc-1,ILLUMINA,4000
F04791-L1_S29_L005_R1_001.fastq.gz,F04791-L1_S29_L005_R2_001.fastq.gz,18421pueboc,18421pueboc.L5,18421pueboc-1,ILLUMINA,4000
F04792-L1_S30_L005_R1_001.fastq.gz,F04792-L1_S30_L005_R2_001.fastq.gz,18441uniboc,18441uniboc.L5,18441uniboc-1,ILLUMINA,4000
F04793-L1_S1_L001_R1_001.fastq.gz,F04793-L1_S1_L001_R2_001.fastq.gz,18436nigboc,18436nigboc.L1,18436nigboc-1,ILLUMINA,4000
F04794-L1_S32_L005_R1_001.fastq.gz,F04794-L1_S32_L005_R2_001.fastq.gz,18912pueboc,18912pueboc.L5,18912pueboc-1,ILLUMINA,4000
F04795-L1_S33_L005_R1_001.fastq.gz,F04795-L1_S33_L005_R2_001.fastq.gz,18448uniboc,18448uniboc.L5,18448uniboc-1,ILLUMINA,4000
F04796-L1_S34_L005_R1_001.fastq.gz,F04796-L1_S34_L005_R2_001.fastq.gz,18906nigboc,18906nigboc.L5,18906nigboc-1,ILLUMINA,4000
F04797-L1_S35_L005_R1_001.fastq.gz,F04797-L1_S35_L005_R2_001.fastq.gz,18434pueboc,18434pueboc.L5,18434pueboc-1,ILLUMINA,4000
F04798-L1_S36_L006_R1_001.fastq.gz,F04798-L1_S36_L006_R2_001.fastq.gz,18445uniboc,18445uniboc.L6,18445uniboc-1,ILLUMINA,4000
F04799-L1_S37_L006_R1_001.fastq.gz,F04799-L1_S37_L006_R2_001.fastq.gz,18419pueboc,18419pueboc.L6,18419pueboc-1,ILLUMINA,4000
F04800-L1_S38_L006_R1_001.fastq.gz,F04800-L1_S38_L006_R2_001.fastq.gz,18904nigboc,18904nigboc.L6,18904nigboc-1,ILLUMINA,4000
F04801-L1_S39_L006_R1_001.fastq.gz,F04801-L1_S39_L006_R2_001.fastq.gz,18420uniboc,18420uniboc.L6,18420uniboc-1,ILLUMINA,4000
G06203-L1_S1_L001_R1_001.fastq.gz,G06203-L1_S1_L001_R2_001.fastq.gz,PL17_89maybel,PL17_89maybel.L1,PL17_89maybel-1,ILLUMINA,4000
G06204-L1_S2_L001_R1_001.fastq.gz,G06204-L1_S2_L001_R2_001.fastq.gz,PL17_95maybel,PL17_95maybel.L1,PL17_95maybel-1,ILLUMINA,4000
G06205-L1_S3_L001_R1_001.fastq.gz,G06205-L1_S3_L001_R2_001.fastq.gz,PL17_101maybel,PL17_101maybel.L1,PL17_101maybel-1,ILLUMINA,4000
G06206-L1_S54_L008_R1_001.fastq.gz,G06206-L1_S54_L008_R2_001.fastq.gz,PL17_119maybel,PL17_119maybel.L8,PL17_119maybel-1,ILLUMINA,4000
G06207-L1_S55_L008_R1_001.fastq.gz,G06207-L1_S55_L008_R2_001.fastq.gz,PL17_120maybel,PL17_120maybel.L8,PL17_120maybel-1,ILLUMINA,4000
G06208-L1_S56_L008_R1_001.fastq.gz,G06208-L1_S56_L008_R2_001.fastq.gz,PL17_121maybel,PL17_121maybel.L8,PL17_121maybel-1,ILLUMINA,4000
G06209-L1_S57_L008_R1_001.fastq.gz,G06209-L1_S57_L008_R2_001.fastq.gz,PL17_122maybel,PL17_122maybel.L8,PL17_122maybel-1,ILLUMINA,4000
G06210-L1_S58_L008_R1_001.fastq.gz,G06210-L1_S58_L008_R2_001.fastq.gz,PL17_123maybel,PL17_123maybel.L8,PL17_123maybel-1,ILLUMINA,4000
G06211-L1_S59_L008_R1_001.fastq.gz,G06211-L1_S59_L008_R2_001.fastq.gz,PL17_124maybel,PL17_124maybel.L8,PL17_124maybel-1,ILLUMINA,4000
G06212-L1_S60_L008_R1_001.fastq.gz,G06212-L1_S60_L008_R2_001.fastq.gz,PL17_126maybel,PL17_126maybel.L8,PL17_126maybel-1,ILLUMINA,4000
G09451-L1_S4_L001_R1_001.fastq.gz,G09451-L1_S4_L001_R2_001.fastq.gz,PL17_160floflk,PL17_160floflk.L1,PL17_160floflk-1,ILLUMINA,4000
G09452-L1_S5_L001_R1_001.fastq.gz,G09452-L1_S5_L001_R2_001.fastq.gz,s_tort_3torboc,s_tort_3torboc.L1,s_tort_3torboc-1,ILLUMINA,4000
G09453-L1_S6_L001_R1_001.fastq.gz,G09453-L1_S6_L001_R2_001.fastq.gz,28393torboc,28393torboc.L1,28393torboc-1,ILLUMINA,4000
G09454-L1_S7_L001_R1_001.fastq.gz,G09454-L1_S7_L001_R2_001.fastq.gz,20478tabhon,20478tabhon.L1,20478tabhon-1,ILLUMINA,4000
G15233-L1_S8_L002_R1_001.fastq.gz,G15233-L1_S8_L002_R2_001.fastq.gz,PL17_142gemflk,PL17_142gemflk.L2,PL17_142gemflk-1,ILLUMINA,4000
G15234-L1_S9_L002_R1_001.fastq.gz,G15234-L1_S9_L002_R2_001.fastq.gz,PL17_144gemflk,PL17_144gemflk.L2,PL17_144gemflk-1,ILLUMINA,4000
G15235-L1_S10_L002_R1_001.fastq.gz,G15235-L1_S10_L002_R2_001.fastq.gz,PL17_145gemflk,PL17_145gemflk.L2,PL17_145gemflk-1,ILLUMINA,4000
G15236-L1_S11_L002_R1_001.fastq.gz,G15236-L1_S11_L002_R2_001.fastq.gz,PL17_148gemflk,PL17_148gemflk.L2,PL17_148gemflk-1,ILLUMINA,4000
G15237-L1_S12_L002_R1_001.fastq.gz,G15237-L1_S12_L002_R2_001.fastq.gz,PL17_153gemflk,PL17_153gemflk.L2,PL17_153gemflk-1,ILLUMINA,4000
G15238-L1_S13_L002_R1_001.fastq.gz,G15238-L1_S13_L002_R2_001.fastq.gz,18986affboc,18986affboc.L2,18986affboc-1,ILLUMINA,4000
G15239-L1_S14_L002_R1_001.fastq.gz,G15239-L1_S14_L002_R2_001.fastq.gz,19519affgun,19519affgun.L0,19519affgun-1,ILLUMINA,4000
J02764-L1_S1_L001_R1_001.fastq.gz,J02764-L1_S1_L001_R2_001.fastq.gz,28366gumboc,28366gumboc.L1,28366gumboc-1,ILLUMINA,6000
J02795-L1_S32_L001_R1_001.fastq.gz,J02795-L1_S32_L001_R2_001.fastq.gz,PL17_111indbel,PL17_111indbel.L1,PL17_111indbel-1,ILLUMINA,6000
J02797-L1_S34_L001_R1_001.fastq.gz,J02797-L1_S34_L001_R2_001.fastq.gz,PL17_125ranbel,PL17_125ranbel.L1,PL17_125ranbel-1,ILLUMINA,6000
J02802-L1_S39_L002_R1_001.fastq.gz,J02802-L1_S39_L002_R2_001.fastq.gz,PL17_134uniflk,PL17_134uniflk.L2,PL17_134uniflk-1,ILLUMINA,6000
J02803-L1_S40_L002_R1_001.fastq.gz,J02803-L1_S40_L002_R2_001.fastq.gz,PL17_135uniflk,PL17_135uniflk.L2,PL17_135uniflk-1,ILLUMINA,6000
J02804-L1_S41_L002_R1_001.fastq.gz,J02804-L1_S41_L002_R2_001.fastq.gz,PL17_136uniflk,PL17_136uniflk.L2,PL17_136uniflk-1,ILLUMINA,6000
J02805-L1_S42_L002_R1_001.fastq.gz,J02805-L1_S42_L002_R2_001.fastq.gz,PL17_137uniflk,PL17_137uniflk.L2,PL17_137uniflk-1,ILLUMINA,6000
J02806-L1_S43_L002_R1_001.fastq.gz,J02806-L1_S43_L002_R2_001.fastq.gz,PL17_138uniflk,PL17_138uniflk.L2,PL17_138uniflk-1,ILLUMINA,6000
J02807-L1_S44_L002_R1_001.fastq.gz,J02807-L1_S44_L002_R2_001.fastq.gz,PL17_139pueflk,PL17_139pueflk.L2,PL17_139pueflk-1,ILLUMINA,6000
J02808-L1_S45_L002_R1_001.fastq.gz,J02808-L1_S45_L002_R2_001.fastq.gz,PL17_140uniflk,PL17_140uniflk.L2,PL17_140uniflk-1,ILLUMINA,6000
J02809-L1_S46_L002_R1_001.fastq.gz,J02809-L1_S46_L002_R2_001.fastq.gz,PL17_141uniflk,PL17_141uniflk.L2,PL17_141uniflk-1,ILLUMINA,6000
J02810-L1_S47_L002_R1_001.fastq.gz,J02810-L1_S47_L002_R2_001.fastq.gz,PL17_143uniflk,PL17_143uniflk.L2,PL17_143uniflk-1,ILLUMINA,6000
J02811-L1_S48_L002_R1_001.fastq.gz,J02811-L1_S48_L002_R2_001.fastq.gz,PL17_149nigflk,PL17_149nigflk.L2,PL17_149nigflk-1,ILLUMINA,6000
J02812-L1_S49_L002_R1_001.fastq.gz,J02812-L1_S49_L002_R2_001.fastq.gz,PL17_155pueflk,PL17_155pueflk.L2,PL17_155pueflk-1,ILLUMINA,6000
J02813-L1_S50_L002_R1_001.fastq.gz,J02813-L1_S50_L002_R2_001.fastq.gz,PL17_157pueflk,PL17_157pueflk.L2,PL17_157pueflk-1,ILLUMINA,6000
J02814-L1_S51_L002_R1_001.fastq.gz,J02814-L1_S51_L002_R2_001.fastq.gz,PL17_159pueflk,PL17_159pueflk.L2,PL17_159pueflk-1,ILLUMINA,6000
J02815-L1_S52_L002_R1_001.fastq.gz,J02815-L1_S52_L002_R2_001.fastq.gz,PL17_23tanpri,PL17_23tanpri.L2,PL17_23tanpri-1,ILLUMINA,6000
J02816-L1_S53_L002_R1_001.fastq.gz,J02816-L1_S53_L002_R2_001.fastq.gz,PL17_35puepri,PL17_35puepri.L2,PL17_35puepri-1,ILLUMINA,6000
J02817-L1_S54_L002_R1_001.fastq.gz,J02817-L1_S54_L002_R2_001.fastq.gz,PL17_37chlpri,PL17_37chlpri.L2,PL17_37chlpri-1,ILLUMINA,6000
J02818-L1_S55_L002_R1_001.fastq.gz,J02818-L1_S55_L002_R2_001.fastq.gz,PL17_38chlpri,PL17_38chlpri.L2,PL17_38chlpri-1,ILLUMINA,6000
J02819-L1_S56_L002_R1_001.fastq.gz,J02819-L1_S56_L002_R2_001.fastq.gz,PL17_39chlpri,PL17_39chlpri.L2,PL17_39chlpri-1,ILLUMINA,6000
J02820-L1_S57_L002_R1_001.fastq.gz,J02820-L1_S57_L002_R2_001.fastq.gz,PL17_40chlpri,PL17_40chlpri.L2,PL17_40chlpri-1,ILLUMINA,6000
J02821-L1_S58_L002_R1_001.fastq.gz,J02821-L1_S58_L002_R2_001.fastq.gz,PL17_41chlpri,PL17_41chlpri.L2,PL17_41chlpri-1,ILLUMINA,6000
J02822-L1_S59_L002_R1_001.fastq.gz,J02822-L1_S59_L002_R2_001.fastq.gz,PL17_42chlpri,PL17_42chlpri.L2,PL17_42chlpri-1,ILLUMINA,6000
J02823-L1_S60_L002_R1_001.fastq.gz,J02823-L1_S60_L002_R2_001.fastq.gz,PL17_43chlpri,PL17_43chlpri.L2,PL17_43chlpri-1,ILLUMINA,6000
J02824-L1_S61_L002_R1_001.fastq.gz,J02824-L1_S61_L002_R2_001.fastq.gz,PL17_44chlpri,PL17_44chlpri.L2,PL17_44chlpri-1,ILLUMINA,6000
J02825-L1_S62_L002_R1_001.fastq.gz,J02825-L1_S62_L002_R2_001.fastq.gz,PL17_50puepri,PL17_50puepri.L2,PL17_50puepri-1,ILLUMINA,6000
J02826-L1_S63_L002_R1_001.fastq.gz,J02826-L1_S63_L002_R2_001.fastq.gz,PL17_53puepri,PL17_53puepri.L2,PL17_53puepri-1,ILLUMINA,6000
J02827-L1_S64_L002_R1_001.fastq.gz,J02827-L1_S64_L002_R2_001.fastq.gz,PL17_55unipri,PL17_55unipri.L2,PL17_55unipri-1,ILLUMINA,6000
J02828-L1_S65_L002_R1_001.fastq.gz,J02828-L1_S65_L002_R2_001.fastq.gz,PL17_54puepri,PL17_54puepri.L2,PL17_54puepri-1,ILLUMINA,6000
J02829-L1_S66_L002_R1_001.fastq.gz,J02829-L1_S66_L002_R2_001.fastq.gz,PL17_56tanpri,PL17_56tanpri.L2,PL17_56tanpri-1,ILLUMINA,6000
J02830-L1_S67_L002_R1_001.fastq.gz,J02830-L1_S67_L002_R2_001.fastq.gz,PL17_57puepri,PL17_57puepri.L2,PL17_57puepri-1,ILLUMINA,6000
J02831-L1_S68_L002_R1_001.fastq.gz,J02831-L1_S68_L002_R2_001.fastq.gz,PL17_60puepri,PL17_60puepri.L2,PL17_60puepri-1,ILLUMINA,6000
J02832-L1_S69_L002_R1_001.fastq.gz,J02832-L1_S69_L002_R2_001.fastq.gz,PL17_62chlpri,PL17_62chlpri.L2,PL17_62chlpri-1,ILLUMINA,6000
J02833-L1_S70_L002_R1_001.fastq.gz,J02833-L1_S70_L002_R2_001.fastq.gz,PL17_63unipri,PL17_63unipri.L2,PL17_63unipri-1,ILLUMINA,6000
J02834-L1_S71_L002_R1_001.fastq.gz,J02834-L1_S71_L002_R2_001.fastq.gz,PL17_64indpri,PL17_64indpri.L2,PL17_64indpri-1,ILLUMINA,6000
J02835-L1_S72_L002_R1_001.fastq.gz,J02835-L1_S72_L002_R2_001.fastq.gz,PL17_65puepri,PL17_65puepri.L2,PL17_65puepri-1,ILLUMINA,6000
J02836-L1_S73_L002_R1_001.fastq.gz,J02836-L1_S73_L002_R2_001.fastq.gz,PL17_67unipri,PL17_67unipri.L2,PL17_67unipri-1,ILLUMINA,6000
J02837-L1_S74_L002_R1_001.fastq.gz,J02837-L1_S74_L002_R2_001.fastq.gz,PL17_68gutpri,PL17_68gutpri.L2,PL17_68gutpri-1,ILLUMINA,6000
J02838-L1_S75_L003_R1_001.fastq.gz,J02838-L1_S75_L003_R2_001.fastq.gz,PL17_69puepri,PL17_69puepri.L3,PL17_69puepri-1,ILLUMINA,6000
J02839-L1_S76_L003_R1_001.fastq.gz,J02839-L1_S76_L003_R2_001.fastq.gz,PL17_70unipri,PL17_70unipri.L3,PL17_70unipri-1,ILLUMINA,6000
J02840-L1_S77_L003_R1_001.fastq.gz,J02840-L1_S77_L003_R2_001.fastq.gz,PL17_71tanpri,PL17_71tanpri.L3,PL17_71tanpri-1,ILLUMINA,6000
J02841-L1_S78_L003_R1_001.fastq.gz,J02841-L1_S78_L003_R2_001.fastq.gz,PL17_72tanpri,PL17_72tanpri.L3,PL17_72tanpri-1,ILLUMINA,6000
J02842-L1_S79_L003_R1_001.fastq.gz,J02842-L1_S79_L003_R2_001.fastq.gz,PL17_73unipri,PL17_73unipri.L3,PL17_73unipri-1,ILLUMINA,6000
J02843-L1_S80_L003_R1_001.fastq.gz,J02843-L1_S80_L003_R2_001.fastq.gz,PL17_74unipri,PL17_74unipri.L3,PL17_74unipri-1,ILLUMINA,6000
J02847-L1_S84_L003_R1_001.fastq.gz,J02847-L1_S84_L003_R2_001.fastq.gz,PL17_88abebel,PL17_88abebel.L3,PL17_88abebel-1,ILLUMINA,6000
J02848-L1_S85_L003_R1_001.fastq.gz,J02848-L1_S85_L003_R2_001.fastq.gz,PL17_86chlpri,PL17_86chlpri.L3,PL17_86chlpri-1,ILLUMINA,6000
J02850-L1_S87_L003_R1_001.fastq.gz,J02850-L1_S87_L003_R2_001.fastq.gz,PL17_75abepri,PL17_75abepri.L3,PL17_75abepri-1,ILLUMINA,6000
J02851-L1_S88_L003_R1_001.fastq.gz,J02851-L1_S88_L003_R2_001.fastq.gz,PL17_76tanpri,PL17_76tanpri.L3,PL17_76tanpri-1,ILLUMINA,6000
J02852-L1_S89_L003_R1_001.fastq.gz,J02852-L1_S89_L003_R2_001.fastq.gz,PL17_77unipri,PL17_77unipri.L3,PL17_77unipri-1,ILLUMINA,6000
J02853-L1_S90_L003_R1_001.fastq.gz,J02853-L1_S90_L003_R2_001.fastq.gz,PL17_82puepri,PL17_82puepri.L3,PL17_82puepri-1,ILLUMINA,6000
J02854-L1_S91_L003_R1_001.fastq.gz,J02854-L1_S91_L003_R2_001.fastq.gz,PL17_79abepri,PL17_79abepri.L0,PL17_79abepri-1,ILLUMINA,6000
J02855-L1_S92_L003_R1_001.fastq.gz,J02855-L1_S92_L003_R2_001.fastq.gz,PL17_85indpri,PL17_85indpri.L3,PL17_85indpri-1,ILLUMINA,6000
J02859-L1_S96_L003_R1_001.fastq.gz,J02859-L1_S96_L003_R2_001.fastq.gz,PL17_98indbel,PL17_98indbel.L0,PL17_98indbel-1,ILLUMINA,6000
J02912-L1_S149_L004_R1_001.fastq.gz,J02912-L1_S149_L004_R2_001.fastq.gz,28389abeboc,28389abeboc.L4,28389abeboc-1,ILLUMINA,6000
J02913-L1_S150_L004_R1_001.fastq.gz,J02913-L1_S150_L004_R2_001.fastq.gz,PL17_66unipri,PL17_66unipri.L4,PL17_66unipri-1,ILLUMINA,6000
L17996_USPD16082070-1_H3H77CCXY_L6_1.fq.gz,L17996_USPD16082070-1_H3H77CCXY_L6_2.fq.gz,17996indbel,17996indbel.L6,17996indbel-1,ILLUMINA,4000
L17997_USPD16082071-3_H3H77CCXY_L7_1.fq.gz,L17997_USPD16082071-3_H3H77CCXY_L7_2.fq.gz,17997indbel,17997indbel.L7,17997indbel-1,ILLUMINA,4000
L17998_USPD16082073-AK75_HFC2FCCXY_L6_1.fq.gz,L17998_USPD16082073-AK75_HFC2FCCXY_L6_2.fq.gz,17998indbel,17998indbel.L6,17998indbel-1,ILLUMINA,4000
L17999_USPD16082072-8_H3H77CCXY_L8_1.fq.gz,L17999_USPD16082072-8_H3H77CCXY_L8_2.fq.gz,17999indbel,17999indbel.L8,17999indbel-1,ILLUMINA,4000
L18000_USPD16082073-9_HFC2FCCXY_L6_1.fq.gz,L18000_USPD16082073-9_HFC2FCCXY_L6_2.fq.gz,18000indbel,18000indbel.L6,18000indbel-1,ILLUMINA,4000
L18195_USPD16082075-10_HFC2FCCXY_L5_1.fq.gz,L18195_USPD16082075-10_HFC2FCCXY_L5_2.fq.gz,18195indbel,18195indbel.L5,18195indbel-1,ILLUMINA,4000
L18222_USPD16082074-11_HFC2FCCXY_L4_1.fq.gz,L18222_USPD16082074-11_HFC2FCCXY_L4_2.fq.gz,18222indbel,18222indbel.L4,18222indbel-1,ILLUMINA,4000
L18225_USPD16082071-K73_H3H77CCXY_L7_1.fq.gz,L18225_USPD16082071-K73_H3H77CCXY_L7_2.fq.gz,18225indbel,18225indbel.L7,18225indbel-1,ILLUMINA,4000
L18226_USPD16082074-AK74_HFC2FCCXY_L4_1.fq.gz,L18226_USPD16082074-AK74_HFC2FCCXY_L4_2.fq.gz,18226indbel,18226indbel.L4,18226indbel-1,ILLUMINA,4000
L18227_USPD16082071-1_H3H77CCXY_L7_1.fq.gz,L18227_USPD16082071-1_H3H77CCXY_L7_2.fq.gz,18227indbel,18227indbel.L7,18227indbel-1,ILLUMINA,4000
L20418_USPD16082072-10_H3H77CCXY_L8_1.fq.gz,L20418_USPD16082072-10_H3H77CCXY_L8_2.fq.gz,20418gumhon,20418gumhon.L8,20418gumhon-1,ILLUMINA,4000
L20419_USPD16082072-11_H3H77CCXY_L8_1.fq.gz,L20419_USPD16082072-11_H3H77CCXY_L8_2.fq.gz,20419gumhon,20419gumhon.L8,20419gumhon-1,ILLUMINA,4000
L20420_USPD16082072-K73_H3H77CCXY_L8_1.fq.gz,L20420_USPD16082072-K73_H3H77CCXY_L8_2.fq.gz,20420gumhon,20420gumhon.L8,20420gumhon-1,ILLUMINA,4000
L20421_USPD16082072-K74_H3H77CCXY_L8_1.fq.gz,L20421_USPD16082072-K74_H3H77CCXY_L8_2.fq.gz,20421ranhon,20421ranhon.L8,20421ranhon-1,ILLUMINA,4000
L20425_USPD16082072-1_H3H77CCXY_L8_1.fq.gz,L20425_USPD16082072-1_H3H77CCXY_L8_2.fq.gz,20425abehon,20425abehon.L8,20425abehon-1,ILLUMINA,4000
L20426_USPD16082074-3_HFC2FCCXY_L4_1.fq.gz,L20426_USPD16082074-3_HFC2FCCXY_L4_2.fq.gz,20426gumhon,20426gumhon.L4,20426gumhon-1,ILLUMINA,4000
L20427_USPD16082070-8_H3H77CCXY_L6_1.fq.gz,L20427_USPD16082070-8_H3H77CCXY_L6_2.fq.gz,20427gumhon,20427gumhon.L6,20427gumhon-1,ILLUMINA,4000
L20428_USPD16082071-9_H3H77CCXY_L7_1.fq.gz,L20428_USPD16082071-9_H3H77CCXY_L7_2.fq.gz,20428gumhon,20428gumhon.L7,20428gumhon-1,ILLUMINA,4000
L20429_USPD16082073-10_HFC2FCCXY_L6_1.fq.gz,L20429_USPD16082073-10_HFC2FCCXY_L6_2.fq.gz,20429ranhon,20429ranhon.L6,20429ranhon-1,ILLUMINA,4000
L20430_USPD16082075-11_HFC2FCCXY_L5_1.fq.gz,L20430_USPD16082075-11_HFC2FCCXY_L5_2.fq.gz,20430ranhon,20430ranhon.L5,20430ranhon-1,ILLUMINA,4000
L20433_USPD16082070-K73_H3H77CCXY_L6_1.fq.gz,L20433_USPD16082070-K73_H3H77CCXY_L6_2.fq.gz,20433abehon,20433abehon.L6,20433abehon-1,ILLUMINA,4000
L20613_USPD16082075-AK74_HFC2FCCXY_L5_1.fq.gz,L20613_USPD16082075-AK74_HFC2FCCXY_L5_2.fq.gz,20613ranhon,20613ranhon.L5,20613ranhon-1,ILLUMINA,4000
L20615_USPD16082073-1_HFC2FCCXY_L6_1.fq.gz,L20615_USPD16082073-1_HFC2FCCXY_L6_2.fq.gz,20615gumhon,20615gumhon.L6,20615gumhon-1,ILLUMINA,4000
L20616_USPD16082075-3_HFC2FCCXY_L5_1.fq.gz,L20616_USPD16082075-3_HFC2FCCXY_L5_2.fq.gz,20616gumhon,20616gumhon.L5,20616gumhon-1,ILLUMINA,4000
L20617_USPD16082071-8_H3H77CCXY_L7_1.fq.gz,L20617_USPD16082071-8_H3H77CCXY_L7_2.fq.gz,20617gumhon,20617gumhon.L7,20617gumhon-1,ILLUMINA,4000
L20641_USPD16082070-9_H3H77CCXY_L6_1.fq.gz,L20641_USPD16082070-9_H3H77CCXY_L6_2.fq.gz,20641gumhon,20641gumhon.L6,20641gumhon-1,ILLUMINA,4000
L20642_USPD16082074-10_HFC2FCCXY_L4_1.fq.gz,L20642_USPD16082074-10_HFC2FCCXY_L4_2.fq.gz,20642gumhon,20642gumhon.L4,20642gumhon-1,ILLUMINA,4000
L20643_USPD16082073-11_HFC2FCCXY_L6_1.fq.gz,L20643_USPD16082073-11_HFC2FCCXY_L6_2.fq.gz,20643gumhon,20643gumhon.L6,20643gumhon-1,ILLUMINA,4000
L20644_USPD16082075-AK73_HFC2FCCXY_L5_1.fq.gz,L20644_USPD16082075-AK73_HFC2FCCXY_L5_2.fq.gz,20644abehon,20644abehon.L5,20644abehon-1,ILLUMINA,4000
L20696_USPD16082071-K74_H3H77CCXY_L7_1.fq.gz,L20696_USPD16082071-K74_H3H77CCXY_L7_2.fq.gz,20696ranhon,20696ranhon.L7,20696ranhon-1,ILLUMINA,4000
L20759_USPD16082075-1_HFC2FCCXY_L5_1.fq.gz,L20759_USPD16082075-1_HFC2FCCXY_L5_2.fq.gz,20759abehon,20759abehon.L5,20759abehon-1,ILLUMINA,4000
L20761_USPD16082073-3_HFC2FCCXY_L6_1.fq.gz,L20761_USPD16082073-3_HFC2FCCXY_L6_2.fq.gz,20761abehon,20761abehon.L6,20761abehon-1,ILLUMINA,4000
L20762_USPD16082074-8_HFC2FCCXY_L4_1.fq.gz,L20762_USPD16082074-8_HFC2FCCXY_L4_2.fq.gz,20762abehon,20762abehon.L4,20762abehon-1,ILLUMINA,4000
L20861_USPD16082075-9_HFC2FCCXY_L5_1.fq.gz,L20861_USPD16082075-9_HFC2FCCXY_L5_2.fq.gz,20861abehon,20861abehon.L5,20861abehon-1,ILLUMINA,4000
L20862_USPD16082070-10_H3H77CCXY_L6_1.fq.gz,L20862_USPD16082070-10_H3H77CCXY_L6_2.fq.gz,20862abehon,20862abehon.L6,20862abehon-1,ILLUMINA,4000
L20864_USPD16082071-11_H3H77CCXY_L7_1.fq.gz,L20864_USPD16082071-11_H3H77CCXY_L7_2.fq.gz,20864abehon,20864abehon.L7,20864abehon-1,ILLUMINA,4000
L20866_USPD16082073-AK73_HFC2FCCXY_L6_1.fq.gz,L20866_USPD16082073-AK73_HFC2FCCXY_L6_2.fq.gz,20866abehon,20866abehon.L6,20866abehon-1,ILLUMINA,4000
L20867_USPD16082073-AK74_HFC2FCCXY_L6_1.fq.gz,L20867_USPD16082073-AK74_HFC2FCCXY_L6_2.fq.gz,20867abehon,20867abehon.L6,20867abehon-1,ILLUMINA,4000
L20892_USPD16082074-1_HFC2FCCXY_L4_1.fq.gz,L20892_USPD16082074-1_HFC2FCCXY_L4_2.fq.gz,20892ranhon,20892ranhon.L4,20892ranhon-1,ILLUMINA,4000
L20893_USPD16082072-3_H3H77CCXY_L8_1.fq.gz,L20893_USPD16082072-3_H3H77CCXY_L8_2.fq.gz,20893ranhon,20893ranhon.L8,20893ranhon-1,ILLUMINA,4000
L20894_USPD16082073-8_HFC2FCCXY_L6_1.fq.gz,L20894_USPD16082073-8_HFC2FCCXY_L6_2.fq.gz,20894ranhon,20894ranhon.L6,20894ranhon-1,ILLUMINA,4000
L20896_USPD16082074-9_HFC2FCCXY_L4_1.fq.gz,L20896_USPD16082074-9_HFC2FCCXY_L4_2.fq.gz,20896ranhon,20896ranhon.L4,20896ranhon-1,ILLUMINA,4000
L20922_USPD16082071-10_H3H77CCXY_L7_1.fq.gz,L20922_USPD16082071-10_H3H77CCXY_L7_2.fq.gz,20922ranhon,20922ranhon.L7,20922ranhon-1,ILLUMINA,4000
L20923_USPD16082070-11_H3H77CCXY_L6_1.fq.gz,L20923_USPD16082070-11_H3H77CCXY_L6_2.fq.gz,20923ranhon,20923ranhon.L6,20923ranhon-1,ILLUMINA,4000
L20980_USPD16082074-AK73_HFC2FCCXY_L4_1.fq.gz,L20980_USPD16082074-AK73_HFC2FCCXY_L4_2.fq.gz,20980ranhon,20980ranhon.L4,20980ranhon-1,ILLUMINA,4000
Ross1_USPD16082070-K74_H3H77CCXY_L6_1.fq.gz,Ross1_USPD16082070-K74_H3H77CCXY_L6_2.fq.gz,Ross1gemare,Ross1gemare.L6,Ross1gemare-1,ILLUMINA,4000
Ross2_USPD16082071-K75_H3H77CCXY_L7_1.fq.gz,Ross2_USPD16082071-K75_H3H77CCXY_L7_2.fq.gz,Ross2abeare,Ross2abeare.L7,Ross2abeare-1,ILLUMINA,4000
Ross3_USPD16082072-K75_H3H77CCXY_L8_1.fq.gz,Ross3_USPD16082072-K75_H3H77CCXY_L8_2.fq.gz,Ross3pueare,Ross3pueare.L8,Ross3pueare-1,ILLUMINA,4000
S18151_KD17030553-4_HH2K3ALXX_L1_1.fq.gz,S18151_KD17030553-4_HH2K3ALXX_L1_2.fq.gz,18151nigbel,18151nigbel.L1,18151nigbel-1,ILLUMINA,4000
S18152_KD17030556-8_HH2K3ALXX_L4_1.fq.gz,S18152_KD17030556-8_HH2K3ALXX_L4_2.fq.gz,18152puebel,18152puebel.L4,18152puebel-1,ILLUMINA,4000
S18153_KD17030553-7_HH2K3ALXX_L1_1.fq.gz,S18153_KD17030553-7_HH2K3ALXX_L1_2.fq.gz,18153nigbel,18153nigbel.L1,18153nigbel-1,ILLUMINA,4000
S18154_KD17030557-2_HH2K3ALXX_L5_1.fq.gz,S18154_KD17030557-2_HH2K3ALXX_L5_2.fq.gz,18154puebel,18154puebel.L5,18154puebel-1,ILLUMINA,4000
S18155_KD17030554-3_HH2K3ALXX_L2_1.fq.gz,S18155_KD17030554-3_HH2K3ALXX_L2_2.fq.gz,18155nigbel,18155nigbel.L2,18155nigbel-1,ILLUMINA,4000
S18156_KD17030554-2_HH2K3ALXX_L2_1.fq.gz,S18156_KD17030554-2_HH2K3ALXX_L2_2.fq.gz,18156nigbel,18156nigbel.L2,18156nigbel-1,ILLUMINA,4000
S18157_KD17030553-8_HH2K3ALXX_L1_1.fq.gz,S18157_KD17030553-8_HH2K3ALXX_L1_2.fq.gz,18157nigbel,18157nigbel.L1,18157nigbel-1,ILLUMINA,4000
S18158_KD17030553-1_HH2K3ALXX_L1_1.fq.gz,S18158_KD17030553-1_HH2K3ALXX_L1_2.fq.gz,18158nigbel,18158nigbel.L1,18158nigbel-1,ILLUMINA,4000
S18159_KD17030553-5_HH2K3ALXX_L1_1.fq.gz,S18159_KD17030553-5_HH2K3ALXX_L1_2.fq.gz,18159nigbel,18159nigbel.L1,18159nigbel-1,ILLUMINA,4000
S18161_KD17030557-1_HH2K3ALXX_L5_1.fq.gz,S18161_KD17030557-1_HH2K3ALXX_L5_2.fq.gz,18161puebel,18161puebel.L5,18161puebel-1,ILLUMINA,4000
S18162_KD17030554-1_HH2K3ALXX_L2_1.fq.gz,S18162_KD17030554-1_HH2K3ALXX_L2_2.fq.gz,18162nigbel,18162nigbel.L2,18162nigbel-1,ILLUMINA,4000
S18163_KD17030559-8_HH2K3ALXX_L7_1.fq.gz,S18163_KD17030559-8_HH2K3ALXX_L7_2.fq.gz,18163unibel,18163unibel.L7,18163unibel-1,ILLUMINA,4000
S18165_KD17030553-3_HH2K3ALXX_L1_1.fq.gz,S18165_KD17030553-3_HH2K3ALXX_L1_2.fq.gz,18165nigbel,18165nigbel.L1,18165nigbel-1,ILLUMINA,4000
S18166_KD17030556-7_HH2K3ALXX_L4_1.fq.gz,S18166_KD17030556-7_HH2K3ALXX_L4_2.fq.gz,18166puebel,18166puebel.L4,18166puebel-1,ILLUMINA,4000
S18169_KD17030557-4_HH2K3ALXX_L5_1.fq.gz,S18169_KD17030557-4_HH2K3ALXX_L5_2.fq.gz,18169puebel,18169puebel.L5,18169puebel-1,ILLUMINA,4000
S18171_KD17030554-4_HH2K3ALXX_L2_1.fq.gz,S18171_KD17030554-4_HH2K3ALXX_L2_2.fq.gz,18171nigbel,18171nigbel.L2,18171nigbel-1,ILLUMINA,4000
S18172_KD17030556-1_HH2K3ALXX_L4_1.fq.gz,S18172_KD17030556-1_HH2K3ALXX_L4_2.fq.gz,18172puebel,18172puebel.L4,18172puebel-1,ILLUMINA,4000
S18174_KD17030556-6_HH2K3ALXX_L4_1.fq.gz,S18174_KD17030556-6_HH2K3ALXX_L4_2.fq.gz,18174puebel,18174puebel.L4,18174puebel-1,ILLUMINA,4000
S18175_KD17030556-2_HH2K3ALXX_L4_1.fq.gz,S18175_KD17030556-2_HH2K3ALXX_L4_2.fq.gz,18175puebel,18175puebel.L4,18175puebel-1,ILLUMINA,4000
S18176_KD17030556-4_HH2K3ALXX_L4_1.fq.gz,S18176_KD17030556-4_HH2K3ALXX_L4_2.fq.gz,18176puebel,18176puebel.L4,18176puebel-1,ILLUMINA,4000
S18178_KD17030556-5_HH2K3ALXX_L4_1.fq.gz,S18178_KD17030556-5_HH2K3ALXX_L4_2.fq.gz,18178puebel,18178puebel.L4,18178puebel-1,ILLUMINA,4000
S18179_KD17030556-3_HH2K3ALXX_L4_1.fq.gz,S18179_KD17030556-3_HH2K3ALXX_L4_2.fq.gz,18179puebel,18179puebel.L4,18179puebel-1,ILLUMINA,4000
S18180_KD17030557-3_HH2K3ALXX_L5_1.fq.gz,S18180_KD17030557-3_HH2K3ALXX_L5_2.fq.gz,18180puebel,18180puebel.L5,18180puebel-1,ILLUMINA,4000
S18185_KD17030553-2_HH2K3ALXX_L1_1.fq.gz,S18185_KD17030553-2_HH2K3ALXX_L1_2.fq.gz,18185nigbel,18185nigbel.L1,18185nigbel-1,ILLUMINA,4000
S18187_KD17030553-6_HH2K3ALXX_L1_1.fq.gz,S18187_KD17030553-6_HH2K3ALXX_L1_2.fq.gz,18187nigbel,18187nigbel.L1,18187nigbel-1,ILLUMINA,4000
S18261_KD17030559-3_HH2K3ALXX_L7_1.fq.gz,S18261_KD17030559-3_HH2K3ALXX_L7_2.fq.gz,18261unibel,18261unibel.L7,18261unibel-1,ILLUMINA,4000
S18267_KD17030560-2_HH2K3ALXX_L8_1.fq.gz,S18267_KD17030560-2_HH2K3ALXX_L8_2.fq.gz,18267unibel,18267unibel.L8,18267unibel-1,ILLUMINA,4000
S18274_KD17030560-1_HH2K3ALXX_L8_1.fq.gz,S18274_KD17030560-1_HH2K3ALXX_L8_2.fq.gz,18274unibel,18274unibel.L8,18274unibel-1,ILLUMINA,4000
S18276_KD17030560-3_HH2K3ALXX_L8_1.fq.gz,S18276_KD17030560-3_HH2K3ALXX_L8_2.fq.gz,18276unibel,18276unibel.L8,18276unibel-1,ILLUMINA,4000
S19881_KD17030560-4_HH2K3ALXX_L8_1.fq.gz,S19881_KD17030560-4_HH2K3ALXX_L8_2.fq.gz,19881unibel,19881unibel.L8,19881unibel-1,ILLUMINA,4000
S20092_KD17030559-4_HH2K3ALXX_L7_1.fq.gz,S20092_KD17030559-4_HH2K3ALXX_L7_2.fq.gz,20092unibel,20092unibel.L7,20092unibel-1,ILLUMINA,4000
S20120_KD17030559-7_HH2K3ALXX_L7_1.fq.gz,S20120_KD17030559-7_HH2K3ALXX_L7_2.fq.gz,20120unibel,20120unibel.L7,20120unibel-1,ILLUMINA,4000
S20126_KD17030559-5_HH2K3ALXX_L7_1.fq.gz,S20126_KD17030559-5_HH2K3ALXX_L7_2.fq.gz,20126unibel,20126unibel.L7,20126unibel-1,ILLUMINA,4000
S20128_KD17030559-6_HH2K3ALXX_L7_1.fq.gz,S20128_KD17030559-6_HH2K3ALXX_L7_2.fq.gz,20128unibel,20128unibel.L7,20128unibel-1,ILLUMINA,4000
S20135_KD17030559-1_HH2K3ALXX_L7_1.fq.gz,S20135_KD17030559-1_HH2K3ALXX_L7_2.fq.gz,20135unibel,20135unibel.L7,20135unibel-1,ILLUMINA,4000
S20149_KD17030559-2_HH2K3ALXX_L7_1.fq.gz,S20149_KD17030559-2_HH2K3ALXX_L7_2.fq.gz,20149unibel,20149unibel.L7,20149unibel-1,ILLUMINA,4000
S20551_KD17030558-1_HH2K3ALXX_L6_1.fq.gz,S20551_KD17030558-1_HH2K3ALXX_L6_2.fq.gz,20551puehon,20551puehon.L6,20551puehon-1,ILLUMINA,4000
S20552_KD17030558-7_HH2K3ALXX_L6_1.fq.gz,S20552_KD17030558-7_HH2K3ALXX_L6_2.fq.gz,20552puehon,20552puehon.L6,20552puehon-1,ILLUMINA,4000
S20553_KD17030557-7_HH2K3ALXX_L5_1.fq.gz,S20553_KD17030557-7_HH2K3ALXX_L5_2.fq.gz,20553puehon,20553puehon.L5,20553puehon-1,ILLUMINA,4000
S20554_KD17030558-4_HH2K3ALXX_L6_1.fq.gz,S20554_KD17030558-4_HH2K3ALXX_L6_2.fq.gz,20554puehon,20554puehon.L6,20554puehon-1,ILLUMINA,4000
S20555_KD17030558-5_HH2K3ALXX_L6_1.fq.gz,S20555_KD17030558-5_HH2K3ALXX_L6_2.fq.gz,20555puehon,20555puehon.L6,20555puehon-1,ILLUMINA,4000
S20556_KD17030558-2_HH2K3ALXX_L6_1.fq.gz,S20556_KD17030558-2_HH2K3ALXX_L6_2.fq.gz,20556puehon,20556puehon.L6,20556puehon-1,ILLUMINA,4000
S20558_KD17030557-6_HH2K3ALXX_L5_1.fq.gz,S20558_KD17030557-6_HH2K3ALXX_L5_2.fq.gz,20558puehon,20558puehon.L5,20558puehon-1,ILLUMINA,4000
S20559_KD17030557-5_HH2K3ALXX_L5_1.fq.gz,S20559_KD17030557-5_HH2K3ALXX_L5_2.fq.gz,20559puehon,20559puehon.L5,20559puehon-1,ILLUMINA,4000
S20560_KD17030560-5_HH2K3ALXX_L8_1.fq.gz,S20560_KD17030560-5_HH2K3ALXX_L8_2.fq.gz,20560unihon,20560unihon.L8,20560unihon-1,ILLUMINA,4000
S20561_KD17030560-7_HH2K3ALXX_L8_1.fq.gz,S20561_KD17030560-7_HH2K3ALXX_L8_2.fq.gz,20561unihon,20561unihon.L8,20561unihon-1,ILLUMINA,4000
S20562_KD17030560-6_HH2K3ALXX_L8_1.fq.gz,S20562_KD17030560-6_HH2K3ALXX_L8_2.fq.gz,20562unihon,20562unihon.L8,20562unihon-1,ILLUMINA,4000
S20563_KD17030560-8_HH2K3ALXX_L8_1.fq.gz,S20563_KD17030560-8_HH2K3ALXX_L8_2.fq.gz,20563unihon,20563unihon.L8,20563unihon-1,ILLUMINA,4000
S20564_KD17030561-1_HJMFWALXX_L1_1.fq.gz,S20564_KD17030561-1_HJMFWALXX_L1_2.fq.gz,20564unihon,20564unihon.L1,20564unihon-1,ILLUMINA,4000
S20565_KD17030561-7_HJMFWALXX_L1_1.fq.gz,S20565_KD17030561-7_HJMFWALXX_L1_2.fq.gz,20565unihon,20565unihon.L1,20565unihon-1,ILLUMINA,4000
S20566_KD17030561-4_HJMFWALXX_L1_1.fq.gz,S20566_KD17030561-4_HJMFWALXX_L1_2.fq.gz,20566unihon,20566unihon.L1,20566unihon-1,ILLUMINA,4000
S20567_KD17030561-5_HJMFWALXX_L1_1.fq.gz,S20567_KD17030561-5_HJMFWALXX_L1_2.fq.gz,20567unihon,20567unihon.L1,20567unihon-1,ILLUMINA,4000
S20568_KD17030561-6_HJMFWALXX_L1_1.fq.gz,S20568_KD17030561-6_HJMFWALXX_L1_2.fq.gz,20568unihon,20568unihon.L1,20568unihon-1,ILLUMINA,4000
S20571_KD17030561-2_HJMFWALXX_L1_1.fq.gz,S20571_KD17030561-2_HJMFWALXX_L1_2.fq.gz,20571unihon,20571unihon.L1,20571unihon-1,ILLUMINA,4000
S20572_KD17030561-3_HJMFWALXX_L1_1.fq.gz,S20572_KD17030561-3_HJMFWALXX_L1_2.fq.gz,20572unihon,20572unihon.L1,20572unihon-1,ILLUMINA,4000
S20599_KD17030555-2_HH2K3ALXX_L3_1.fq.gz,S20599_KD17030555-2_HH2K3ALXX_L3_2.fq.gz,20599nighon,20599nighon.L3,20599nighon-1,ILLUMINA,4000
S20600_KD17030555-3_HH2K3ALXX_L3_1.fq.gz,S20600_KD17030555-3_HH2K3ALXX_L3_2.fq.gz,20600nighon,20600nighon.L3,20600nighon-1,ILLUMINA,4000
S20601_KD17030555-4_HH2K3ALXX_L3_1.fq.gz,S20601_KD17030555-4_HH2K3ALXX_L3_2.fq.gz,20601nighon,20601nighon.L3,20601nighon-1,ILLUMINA,4000
S20602_KD17030555-5_HH2K3ALXX_L3_1.fq.gz,S20602_KD17030555-5_HH2K3ALXX_L3_2.fq.gz,20602nighon,20602nighon.L3,20602nighon-1,ILLUMINA,4000
S20603_KD17030554-6_HH2K3ALXX_L2_1.fq.gz,S20603_KD17030554-6_HH2K3ALXX_L2_2.fq.gz,20603nighon,20603nighon.L2,20603nighon-1,ILLUMINA,4000
S20604_KD17030554-8_HH2K3ALXX_L2_1.fq.gz,S20604_KD17030554-8_HH2K3ALXX_L2_2.fq.gz,20604nighon,20604nighon.L2,20604nighon-1,ILLUMINA,4000
S20605_KD17030554-7_HH2K3ALXX_L2_1.fq.gz,S20605_KD17030554-7_HH2K3ALXX_L2_2.fq.gz,20605nighon,20605nighon.L2,20605nighon-1,ILLUMINA,4000
S20606_KD17030555-1_HH2K3ALXX_L3_1.fq.gz,S20606_KD17030555-1_HH2K3ALXX_L3_2.fq.gz,20606nighon,20606nighon.L3,20606nighon-1,ILLUMINA,4000
S20607_KD17030554-5_HH2K3ALXX_L2_1.fq.gz,S20607_KD17030554-5_HH2K3ALXX_L2_2.fq.gz,20607nighon,20607nighon.L2,20607nighon-1,ILLUMINA,4000
S20608_KD17030555-7_HH2K3ALXX_L3_1.fq.gz,S20608_KD17030555-7_HH2K3ALXX_L3_2.fq.gz,20608nighon,20608nighon.L3,20608nighon-1,ILLUMINA,4000
S20609_KD17030555-6_HH2K3ALXX_L3_1.fq.gz,S20609_KD17030555-6_HH2K3ALXX_L3_2.fq.gz,20609nighon,20609nighon.L3,20609nighon-1,ILLUMINA,4000
S20610_KD17030555-8_HH2K3ALXX_L3_1.fq.gz,S20610_KD17030555-8_HH2K3ALXX_L3_2.fq.gz,20610nighon,20610nighon.L3,20610nighon-1,ILLUMINA,4000
S20625_KD17030558-3_HH2K3ALXX_L6_1.fq.gz,S20625_KD17030558-3_HH2K3ALXX_L6_2.fq.gz,20625puehon,20625puehon.L6,20625puehon-1,ILLUMINA,4000
S20633_KD17030557-8_HH2K3ALXX_L5_1.fq.gz,S20633_KD17030557-8_HH2K3ALXX_L5_2.fq.gz,20633puehon,20633puehon.L5,20633puehon-1,ILLUMINA,4000
S20635_KD17030558-6_HH2K3ALXX_L6_1.fq.gz,S20635_KD17030558-6_HH2K3ALXX_L6_2.fq.gz,20635puehon,20635puehon.L6,20635puehon-1,ILLUMINA,4000
S20638_KD17030558-8_HH2K3ALXX_L6_1.fq.gz,S20638_KD17030558-8_HH2K3ALXX_L6_2.fq.gz,20638puehon,20638puehon.L6,20638puehon-1,ILLUMINA,4000
SRR17839729_1.fastq.gz,SRR17839729_2.fastq.gz,FL0880ransan,FL0880ransan.L1,FL0880ransan-1,ILLUMINA,XTen
SRR17839752_1.fastq.gz,SRR17839752_2.fastq.gz,FL0835prosan,FL0835prosan.L1,FL0835prosan-1,ILLUMINA,XTen
SRR18184176_1.fastq.gz,SRR18184176_2.fastq.gz,FL0836gutsan,FL0836gutsan.L1,FL0836gutsan-1,ILLUMINA,XTen
SRR18184334_1.fastq.gz,SRR18184334_2.fastq.gz,FL0331chlpri,FL0331chlpri.L1,FL0331chlpri-1,ILLUMINA,XTen
SRR19070321_1.fastq.gz,SRR19070321_2.fastq.gz,FL0839abesan,FL0839abesan.L1,FL0839abesan-1,ILLUMINA,XTen
SRR19070349_1.fastq.gz,SRR19070349_2.fastq.gz,FL0318indpri,FL0318indpri.L1,FL0318indpri-1,ILLUMINA,XTen
